slug,format,model,depth,n,acc_cot,se_cot,acc_nocot,se_nocot,gap,p_mcnemar,n_paired,tok_out_cot_mean,tok_out_nocot_mean,tok_per_step,truncated_rate_cot,hidden_reasoning_rate,sources,superseded_sources,n_cot,n_nocot,b_cot_only,c_nocot_only,leak_rate_nocot,no_answer_rate_cot,n_unscored,cot_lines_per_step,cot_len_ratio_vs_gold
addition,published,qwen9b,2,50,0.1400,0.0491,0.9200,0.0384,-0.7800,3.820e-11,50,62.5800,6.5000,31.2900,0.0000,0.0000,batch1,,50,50,1,40,0.0000,0.0000,0,4.0300,1.0044
addition,published,qwen9b,4,50,0.0000,0.0000,0.8400,0.0518,-0.8400,4.547e-13,50,124.1800,8.7000,31.0450,0.0000,0.0000,batch1,,50,50,0,42,0.0000,0.0000,0,2.4750,0.9818
addition,published,qwen9b,6,50,0.0000,0.0000,0.0200,0.0198,-0.0200,1.0000,50,204.4000,9.5400,34.0667,0.0000,0.0000,batch1,,50,50,0,1,0.0000,0.0000,0,1.9600,0.9563
addition,published,qwen9b,8,50,0.0000,0.0000,0.0000,0.0000,0.0000,1.0000,50,325.8400,11.7400,40.7300,0.0000,0.0000,batch1,,50,50,0,0,0.0000,0.0000,0,1.7575,0.9986
addition,published,qwen9b,12,50,0.0000,0.0000,0.0000,0.0000,0.0000,1.0000,50,788.2600,17.7000,65.6883,0.1600,0.0000,batch1,,50,50,0,0,0.0000,0.1600,0,1.7033,1.2586
addition,published,qwen9b,16,50,0.0000,0.0000,0.0000,0.0000,0.0000,1.0000,50,1313.3800,21.6800,82.0863,0.3800,0.0000,batch1,,50,50,0,0,0.0000,0.3800,0,2.3500,1.3189
addition,published,qwen9b,24,50,0.0000,0.0000,0.0000,0.0000,0.0000,1.0000,50,1864.3800,24.8000,77.6825,0.7600,0.0000,batch1,,50,50,0,0,0.0000,0.7600,0,1.5783,0.9094
addition,published,llama70b,2,50,0.6200,0.0686,0.1200,0.0460,0.5000,4.172e-07,50,129.6200,5.3200,64.8100,0.0000,0.0000,batch1-70b,,50,50,26,1,0.0000,0.0000,0,5.6000,4.7583
addition,published,llama70b,4,50,0.3000,0.0648,0.1000,0.0424,0.2000,0.0309,50,144.2200,7.0800,36.0550,0.0000,0.0000,batch1-70b,,50,50,14,4,0.0000,0.0000,0,3.1600,1.7390
addition,published,llama70b,6,50,0.3200,0.0660,0.0000,0.0000,0.3200,3.052e-05,50,272.8800,8.1800,45.4800,0.0000,0.0000,batch1-70b,,50,50,16,0,0.0000,0.0000,0,4.0767,2.5194
addition,published,llama70b,8,50,0.0000,0.0000,0.0000,0.0000,0.0000,1.0000,50,331.1200,8.9800,41.3900,0.0000,0.0000,batch1-70b,,50,50,0,0,0.0000,0.0000,0,3.0750,1.7779
addition,published,llama70b,12,50,0.0000,0.0000,0.0000,0.0000,0.0000,1.0000,50,355.0000,11.8000,29.5833,0.0000,0.0000,batch1-70b,,50,50,0,0,0.0000,0.0000,0,1.6000,1.0270
addition,published,llama70b,16,50,0.0000,0.0000,0.0000,0.0000,0.0000,1.0000,50,430.4800,13.5600,26.9050,0.0200,0.0000,batch1-70b,,50,50,0,0,0.0000,0.0200,0,1.4175,0.7354
addition,published,llama70b,24,50,0.0000,0.0000,0.0000,0.0000,0.0000,1.0000,50,556.0600,17.5000,23.1692,0.0200,0.0000,batch1-70b,,50,50,0,0,0.0000,0.0200,0,1.3133,0.4663
addition,published,ds,2,50,1.0000,0.0000,0.0800,0.0384,0.9200,2.842e-14,50,60.8800,5.1400,30.4400,0.0000,0.0000,batch1-ds,,50,50,46,0,0.0000,0.0000,0,4.0000,0.9995
addition,published,ds,4,50,0.6000,0.0693,0.1400,0.0491,0.4600,1.550e-06,50,123.3200,6.1600,30.8300,0.0000,0.0000,batch1-ds,,50,50,24,1,0.0000,0.0000,0,2.4800,0.9933
addition,published,ds,6,50,0.0600,0.0336,0.0200,0.0198,0.0400,0.5000,50,211.3200,7.2800,35.2200,0.0000,0.0000,batch1-ds,,50,50,2,0,0.0000,0.0000,0,2.0000,1.0008
addition,published,ds,8,50,0.0000,0.0000,0.0000,0.0000,0.0000,1.0000,50,321.0000,8.7800,40.1250,0.0000,0.0000,batch1-ds,,50,50,0,0,0.0000,0.0000,0,1.7500,1.0001
addition,published,ds,12,50,0.0000,0.0000,0.0000,0.0000,0.0000,1.0000,50,613.6600,11.0600,51.1383,0.0000,0.0000,batch1-ds,,50,50,0,0,0.0000,0.0000,0,1.5000,0.9981
addition,published,ds,16,50,0.0000,0.0000,0.0000,0.0000,0.0000,1.0000,50,1003.7600,12.4800,62.7350,0.0000,0.0000,batch1-ds,,50,50,0,0,0.0000,0.0000,0,1.3750,0.9999
addition,published,ds,24,50,0.0000,0.0000,0.0000,0.0000,0.0000,1.0000,50,2093.2200,14.5000,87.2175,0.2000,0.0000,batch1-ds,,50,50,0,0,0.0000,0.2000,0,2.0975,1.1794
addition,ergonomic,qwen9b,2,50,1.0000,0.0000,1.0000,0.0000,0.0000,1.0000,50,64.8200,6.4600,32.4100,0.0000,0.0000,batch1-erg-9b,,50,50,0,0,0.0000,0.0000,0,2.5000,1.0000
addition,ergonomic,qwen9b,4,50,1.0000,0.0000,1.0000,0.0000,0.0000,1.0000,50,116.6000,8.6800,29.1500,0.0000,0.0000,batch1-erg-9b,,50,50,0,0,0.0000,0.0000,0,1.7500,1.0000
addition,ergonomic,qwen9b,6,50,0.9400,0.0336,1.0000,0.0000,-0.0600,0.2500,50,169.4800,10.7000,28.2467,0.0000,0.0000,batch1-erg-9b,,50,50,0,3,0.0000,0.0000,0,1.5000,1.0465
addition,ergonomic,qwen9b,8,50,0.7200,0.0635,0.9800,0.0198,-0.2600,2.441e-04,50,223.1600,12.5400,27.8950,0.0000,0.0000,batch1-erg-9b,,50,50,0,13,0.0000,0.0000,0,1.3900,1.0611
addition,ergonomic,qwen9b,12,50,0.1200,0.0460,0.9400,0.0336,-0.8200,9.095e-13,50,498.5000,16.6400,41.5417,0.0200,0.0000,batch1-erg-9b,,50,50,0,41,0.0000,0.0200,0,1.2883,1.3902
addition,ergonomic,qwen9b,16,50,0.0000,0.0000,0.9200,0.0384,-0.9200,2.842e-14,50,886.6000,20.4800,55.4125,0.0600,0.0000,batch1-erg-9b,,50,50,0,46,0.0000,0.0600,0,2.4213,2.3575
addition,ergonomic,qwen9b,24,50,0.0200,0.0198,0.5600,0.0702,-0.5400,1.118e-07,50,4696.2800,28.0000,195.6783,0.5400,0.0000,batch1-erg-9b,,50,50,1,28,0.0000,0.5000,0,7.6817,8.4952
addition,ergonomic,ds,2,50,1.0000,0.0000,1.0000,0.0000,0.0000,1.0000,50,62.0000,5.0000,31.0000,0.0000,0.0000,batch1-erg-ds,,50,50,0,0,0.0000,0.0000,0,2.5000,1.0000
addition,ergonomic,ds,4,50,1.0000,0.0000,1.0000,0.0000,0.0000,1.0000,50,111.0000,6.0000,27.7500,0.0000,0.0000,batch1-erg-ds,,50,50,0,0,0.0000,0.0000,0,1.7500,1.0000
addition,ergonomic,ds,6,50,1.0000,0.0000,1.0000,0.0000,0.0000,1.0000,50,161.4000,6.7000,26.9000,0.0000,0.0000,batch1-erg-ds,,50,50,0,0,0.0000,0.0000,0,1.5000,1.0466
addition,ergonomic,ds,8,50,0.8400,0.0518,1.0000,0.0000,-0.1600,0.0078,50,210.0000,7.0000,26.2500,0.0000,0.0000,batch1-erg-ds,,50,50,0,8,0.0000,0.0000,0,1.3750,1.0454
addition,ergonomic,ds,12,50,0.4600,0.0705,1.0000,0.0000,-0.5400,1.490e-08,50,316.2000,8.6400,26.3500,0.0000,0.0000,batch1-erg-ds,,50,50,0,27,0.0000,0.0000,0,1.2600,1.0702
addition,ergonomic,ds,16,50,0.2800,0.0635,1.0000,0.0000,-0.7200,2.910e-11,50,400.3600,10.0000,25.0225,0.0000,0.0000,batch1-erg-ds,,50,50,0,36,0.0000,0.0000,0,1.1500,1.0266
addition,ergonomic,ds,24,50,0.0000,0.0000,1.0000,0.0000,-1.0000,1.776e-15,50,1983.3400,12.5800,82.6392,0.1800,0.0000,batch1-erg-ds,,50,50,0,50,0.0000,0.1800,0,3.0842,3.5153
blocksworld,published,qwen9b,2,50,0.9200,0.0384,0.6400,0.0679,0.2800,0.0026,50,411.9400,48.5600,205.9700,0.0000,0.0000,batch1,,50,50,17,3,0.0000,0.0000,0,5.5000,1.0089
blocksworld,published,qwen9b,3,150,0.6467,0.0390,0.0733,0.0213,0.5733,6.617e-24,150,560.9600,49.2533,186.9867,0.0000,0.0000,batch1b-9b,,150,150,88,2,0.0000,0.0000,0,5.0000,1.0219
blocksworld,published,qwen9b,4,150,0.7533,0.0352,0.5667,0.0405,0.1867,0.0011,150,716.7600,49.0933,179.1900,0.0000,0.0000,batch1b-9b,batch1,150,150,49,21,0.0000,0.0000,0,4.7500,1.0094
blocksworld,published,qwen9b,6,50,0.7200,0.0635,0.4600,0.0705,0.2600,0.0146,50,1238.2400,49.0800,206.3733,0.0000,0.0000,batch1,,50,50,19,6,0.0000,0.0000,0,5.9633,1.2052
blocksworld,published,qwen9b,8,150,0.5867,0.0402,0.3333,0.0385,0.2533,5.854e-06,150,1346.3000,50.5067,168.2875,0.0000,0.0000,batch1b-9b,,150,150,54,16,0.0000,0.0000,0,4.4467,1.0266
blocksworld,published,qwen9b,10,50,0.6800,0.0660,0.2400,0.0604,0.4400,5.948e-05,50,1658.0400,51.6800,165.8040,0.0000,0.0000,batch1,,50,50,26,4,0.0000,0.0000,0,4.3180,1.0276
blocksworld,published,qwen9b,12,150,0.5800,0.0403,0.2333,0.0345,0.3467,8.542e-09,150,2038.3733,51.8400,169.8644,0.0000,0.0000,batch1b-9b,,150,150,68,16,0.0000,0.0000,0,4.4956,1.0613
blocksworld,published,qwen9b,14,150,0.5333,0.0407,0.1933,0.0322,0.3400,1.389e-08,150,2282.2867,52.5000,163.0205,0.0000,0.0000,batch1b-9b,,150,150,67,16,0.0000,0.0000,0,4.2352,1.0282
blocksworld,published,qwen9b,16,50,0.4600,0.0705,0.1600,0.0518,0.3000,0.0026,50,2615.2000,52.9400,163.4500,0.0000,0.0000,batch1,,50,50,19,4,0.0000,0.0000,0,4.1625,1.0342
blocksworld,published,qwen9b,24,50,0.4200,0.0698,0.2000,0.0566,0.2200,0.0347,50,4260.3400,50.8600,177.5142,0.0200,0.0000,batch1,,50,50,17,6,0.0000,0.0000,0,4.7017,1.1254
blocksworld,published,llama70b,2,50,0.9600,0.0277,0.9600,0.0277,0.0000,1.0000,50,409.6000,47.2200,204.8000,0.0000,0.0000,batch1-70b,,50,50,2,2,0.0000,0.0000,0,5.5300,1.0127
blocksworld,published,llama70b,4,50,0.9800,0.0198,0.9200,0.0384,0.0600,0.3750,50,702.5600,48.0800,175.6400,0.0000,0.0000,batch1-70b,,50,50,4,1,0.0000,0.0000,0,4.7700,1.0014
blocksworld,published,llama70b,6,50,0.9800,0.0198,0.8800,0.0460,0.1000,0.1250,50,993.5000,49.3000,165.5833,0.0000,0.0000,batch1-70b,,50,50,6,1,0.0000,0.0000,0,4.5000,0.9948
blocksworld,published,llama70b,10,50,0.9800,0.0198,0.8400,0.0518,0.1400,0.0156,50,1593.9200,52.7200,159.3920,0.0000,0.0000,batch1-70b,,50,50,7,0,0.0000,0.0000,0,4.3000,0.9985
blocksworld,published,llama70b,16,50,0.9800,0.0198,0.7400,0.0620,0.2400,0.0018,50,2473.2000,51.2400,154.5750,0.0000,0.0000,batch1-70b,,50,50,13,1,0.0000,0.0000,0,4.1850,0.9944
blocksworld,published,llama70b,24,50,0.9600,0.0277,0.5800,0.0698,0.3800,3.815e-06,50,3648.9400,46.4200,152.0392,0.0000,0.0000,batch1-70b,,50,50,19,0,0.0000,0.0000,0,4.1192,0.9948
blocksworld,published,ds,2,50,0.7800,0.0586,0.9000,0.0424,-0.1200,0.1460,50,401.2800,50.7400,200.6400,0.0000,0.0000,batch1-ds,,50,50,3,9,0.0000,0.0000,0,5.5000,0.9895
blocksworld,published,ds,4,50,0.7800,0.0586,0.8800,0.0460,-0.1000,0.3018,50,694.1000,50.7000,173.5250,0.0000,0.0000,batch1-ds,,50,50,5,10,0.0000,0.0000,0,4.7500,0.9879
blocksworld,published,ds,6,50,0.6400,0.0679,0.9000,0.0424,-0.2600,0.0072,50,974.0000,50.6800,162.3333,0.0000,0.0000,batch1-ds,,50,50,4,17,0.0000,0.0000,0,4.5000,0.9758
blocksworld,published,ds,10,50,0.7200,0.0635,0.8200,0.0543,-0.1000,0.3018,50,1471.1000,50.9400,147.1100,0.0000,0.0000,batch1-ds,,50,50,5,10,0.0000,0.0000,0,5.3240,0.9047
blocksworld,published,ds,16,50,0.8800,0.0460,0.7600,0.0604,0.1200,0.2101,50,1766.9400,48.5000,110.4338,0.0000,0.0000,batch1-ds,,50,50,11,5,0.0000,0.0200,0,5.6537,0.6499
blocksworld,published,ds,24,50,0.9000,0.0424,0.6400,0.0679,0.2600,0.0023,50,2195.4200,49.6800,91.4758,0.0000,0.0000,batch1-ds,,50,50,15,2,0.0000,0.0000,0,4.8483,0.5264
boolean_expressions,published,qwen9b,2,50,1.0000,0.0000,0.9400,0.0336,0.0600,0.2500,50,154.8600,4.0000,77.4300,0.0000,0.0000,batch1,,50,50,3,0,0.0000,0.0000,0,3.5000,1.0601
boolean_expressions,published,qwen9b,3,50,0.9800,0.0198,0.7800,0.0586,0.2000,0.0063,50,187.2000,4.0000,62.4000,0.0000,0.0000,batch1,,50,50,11,1,0.0000,0.0000,0,2.8267,1.0713
boolean_expressions,published,qwen9b,4,150,0.9533,0.0172,0.6733,0.0383,0.2800,1.285e-09,150,230.6067,4.0000,57.6517,0.0000,0.0000,batch1b-9b,batch1,150,150,47,5,0.0000,0.0000,0,2.5083,1.0881
boolean_expressions,published,qwen9b,6,50,0.9000,0.0424,0.6800,0.0660,0.2200,0.0127,50,323.6600,4.0000,53.9433,0.0200,0.0000,batch1,,50,50,14,3,0.0000,0.0200,0,2.4967,1.2050
boolean_expressions,published,qwen9b,8,50,0.7800,0.0586,0.5000,0.0707,0.2800,0.0094,50,335.5800,4.0000,41.9475,0.0000,0.0000,batch1,,50,50,20,6,0.0000,0.0000,0,1.8400,1.0249
boolean_expressions,published,qwen9b,10,150,0.6867,0.0379,0.5000,0.0408,0.1867,0.0011,150,469.2867,4.0000,46.9287,0.0133,0.0000,batch1b-9b,,150,150,49,21,0.0000,0.0133,0,2.1060,1.1486
boolean_expressions,published,qwen9b,12,50,0.7000,0.0648,0.3400,0.0670,0.3600,5.335e-04,50,517.9800,4.0000,43.1650,0.0200,0.0000,batch1,,50,50,22,4,0.0000,0.0200,0,1.7900,1.0744
boolean_expressions,published,qwen9b,14,150,0.6600,0.0387,0.6133,0.0398,0.0467,0.4638,150,620.9867,4.0000,44.3562,0.0333,0.0000,batch1b-9b,,150,150,37,30,0.0000,0.0333,0,2.1152,1.1495
boolean_expressions,published,qwen9b,16,50,0.5600,0.0702,0.5400,0.0705,0.0200,1.0000,50,901.2000,4.0000,56.3250,0.1200,0.0000,batch1,,50,50,13,12,0.0000,0.1200,0,2.8175,1.4473
boolean_expressions,published,qwen9b,20,150,0.4800,0.0408,0.4933,0.0408,-0.0133,0.9076,150,1274.8467,4.0000,63.7423,0.2400,0.0000,batch1b-9b,,150,150,36,38,0.0000,0.2400,0,3.3257,1.6259
boolean_expressions,published,llama70b,2,50,1.0000,0.0000,0.9600,0.0277,0.0400,0.5000,50,129.4800,4.0000,64.7400,0.0000,0.0000,batch1-70b,,50,50,2,0,0.0000,0.0000,0,3.5900,0.9378
boolean_expressions,published,llama70b,3,50,0.9000,0.0424,0.8600,0.0491,0.0400,0.7266,50,164.8800,4.0000,54.9600,0.0000,0.0000,batch1-70b,,50,50,5,3,0.0000,0.0000,0,2.5667,0.9814
boolean_expressions,published,llama70b,4,50,0.8800,0.0460,0.6200,0.0686,0.2600,0.0023,50,198.5400,4.0000,49.6350,0.0000,0.0000,batch1-70b,,50,50,15,2,0.0000,0.0000,0,2.0450,0.9794
boolean_expressions,published,llama70b,6,50,0.6200,0.0686,0.7000,0.0648,-0.0800,0.4807,50,242.8200,4.0000,40.4700,0.0000,0.0000,batch1-70b,,50,50,7,11,0.0000,0.0000,0,1.7000,0.9370
boolean_expressions,published,llama70b,8,50,0.6200,0.0686,0.6000,0.0693,0.0200,1.0000,50,297.5200,4.0000,37.1900,0.0000,0.0000,batch1-70b,,50,50,10,9,0.0000,0.0000,0,1.4675,0.9341
boolean_expressions,published,llama70b,12,50,0.5000,0.0707,0.4200,0.0698,0.0800,0.5413,50,423.1000,4.0000,35.2583,0.0000,0.0000,batch1-70b,,50,50,14,10,0.0000,0.0000,0,1.2833,0.9456
boolean_expressions,published,llama70b,16,50,0.5000,0.0707,0.4400,0.0702,0.0600,0.6636,50,559.0800,4.0000,34.9425,0.0000,0.0000,batch1-70b,,50,50,12,9,0.0000,0.0000,0,1.5813,0.9880
boolean_expressions,published,ds,2,50,1.0000,0.0000,0.9800,0.0198,0.0200,1.0000,50,145.3000,4.0000,72.6500,0.0000,0.0000,batch1-ds,,50,50,1,0,0.0000,0.0000,0,3.2600,1.0281
boolean_expressions,published,ds,3,50,1.0000,0.0000,0.8800,0.0460,0.1200,0.0312,50,161.1000,4.0000,53.7000,0.0000,0.0000,batch1-ds,,50,50,6,0,0.0000,0.0000,0,2.2933,0.9613
boolean_expressions,published,ds,4,50,1.0000,0.0000,0.7600,0.0604,0.2400,4.883e-04,50,193.5600,4.0000,48.3900,0.0000,0.0000,batch1-ds,,50,50,12,0,0.0000,0.0000,0,1.9650,0.9665
boolean_expressions,published,ds,6,50,0.9400,0.0336,0.5800,0.0698,0.3600,2.772e-04,50,288.9800,4.0000,48.1633,0.0200,0.0000,batch1-ds,,50,50,21,3,0.0000,0.0200,0,1.8333,1.1325
boolean_expressions,published,ds,8,50,0.9600,0.0277,0.5600,0.0702,0.4000,1.907e-06,50,348.0000,4.0000,43.5000,0.0000,0.0000,batch1-ds,,50,50,20,0,0.0000,0.0000,0,2.2400,1.0427
boolean_expressions,published,ds,12,50,0.8400,0.0518,0.4600,0.0705,0.3800,8.779e-04,50,625.9000,4.0000,52.1583,0.0000,0.0000,batch1-ds,,50,50,25,6,0.0000,0.0600,0,2.9667,1.2470
boolean_expressions,published,ds,16,50,0.6800,0.0660,0.6000,0.0693,0.0800,0.5413,50,874.6800,4.0000,54.6675,0.0800,0.0000,batch1-ds,,50,50,14,10,0.0000,0.1600,0,3.3662,1.3649
cellular_automaton,ours,qwen9b,2,50,0.1600,0.0518,0.0000,0.0000,0.1600,0.0078,50,182.2800,12.0000,91.1400,0.0200,0.0000,batch1,,50,50,8,0,0.0000,0.0200,0,3.7800,5.5652
cellular_automaton,ours,qwen9b,4,50,0.0000,0.0000,0.0200,0.0198,-0.0200,1.0000,50,106.2400,12.0000,26.5600,0.0400,0.0000,batch1,,50,50,0,1,0.0000,0.0400,0,1.6350,1.6785
cellular_automaton,ours,qwen9b,8,50,0.0000,0.0000,0.0200,0.0198,-0.0200,1.0000,50,124.0000,12.0000,15.5000,0.0000,0.0000,batch1,,50,50,0,1,0.0000,0.0000,0,1.1250,1.0000
cellular_automaton,ours,qwen9b,12,50,0.0000,0.0000,0.0400,0.0277,-0.0400,0.5000,50,250.2800,12.0000,20.8567,0.0800,0.0000,batch1,,50,50,0,2,0.0000,0.0800,0,1.3800,1.4155
cellular_automaton,ours,qwen9b,16,50,0.0000,0.0000,0.2000,0.0566,-0.2000,0.0020,50,602.2600,12.0000,37.6412,0.4600,0.0000,batch1,,50,50,0,10,0.0000,0.4600,0,2.2000,2.6620
cellular_automaton,ours,qwen9b,24,50,0.0000,0.0000,0.1400,0.0491,-0.1400,0.0156,50,991.9000,12.0000,41.3292,0.9400,0.0000,batch1,,50,50,0,7,0.0000,0.9200,0,2.3142,3.0911
cellular_automaton,ours,llama70b,2,50,0.0400,0.0277,0.0000,0.0000,0.0400,0.5000,50,581.4800,7.0000,290.7400,0.0000,0.0000,batch1-70b,,50,50,2,0,0.0000,0.0000,0,10.5100,25.0177
cellular_automaton,ours,llama70b,4,50,0.0000,0.0000,0.0000,0.0000,0.0000,1.0000,50,974.5400,7.0000,243.6350,0.7400,0.0000,batch1-70b,,50,50,0,0,0.0000,0.7400,0,9.3900,24.2307
cellular_automaton,ours,llama70b,8,50,0.0000,0.0000,0.0000,0.0000,0.0000,1.0000,50,765.6000,7.0000,95.7000,0.5600,0.0000,batch1-70b,,50,50,0,0,0.0000,0.5600,0,3.7450,10.7139
cellular_automaton,ours,llama70b,12,50,0.0200,0.0198,0.0000,0.0000,0.0200,1.0000,50,551.4800,7.0000,45.9567,0.2000,0.0000,batch1-70b,,50,50,1,0,0.0000,0.2000,0,2.3517,5.1973
cellular_automaton,ours,llama70b,16,50,0.0400,0.0277,0.1200,0.0460,-0.0800,0.2891,50,509.3200,7.0000,31.8325,0.0800,0.0000,batch1-70b,,50,50,2,6,0.0000,0.0800,0,1.9863,3.4965
cellular_automaton,ours,llama70b,24,50,0.0000,0.0000,0.1200,0.0460,-0.1200,0.0312,50,668.2800,7.0000,27.8450,0.3000,0.0000,batch1-70b,,50,50,0,6,0.0000,0.3000,0,2.1233,2.7203
cellular_automaton,ours,ds,2,50,0.5400,0.0705,0.0000,0.0000,0.5400,1.490e-08,50,320.4400,7.0000,160.2200,0.0000,0.0000,batch1-ds-cap,batch1-ds,50,50,27,0,0.0000,0.0400,0,9.0900,9.9200
cellular_automaton,ours,ds,4,50,0.4600,0.0705,0.0000,0.0000,0.4600,2.384e-07,50,622.2800,7.0000,155.5700,0.0000,0.0000,batch1-ds-cap,batch1-ds,50,50,23,0,0.0000,0.0000,0,9.5300,9.5943
cellular_automaton,ours,ds,8,50,0.1600,0.0518,0.0000,0.0000,0.1600,0.0078,50,1283.0400,7.0000,160.3800,0.0000,0.0000,batch1-ds-cap,batch1-ds,50,50,8,0,0.0000,0.0000,0,9.8500,10.6284
cellular_automaton,ours,ds,12,50,0.2400,0.0604,0.0000,0.0000,0.2400,4.883e-04,50,1971.5800,7.0000,164.2983,0.0000,0.0000,batch1-ds-cap,batch1-ds,50,50,12,0,0.0000,0.0200,0,9.8950,11.0194
cellular_automaton,ours,ds,16,50,0.1400,0.0491,0.0000,0.0000,0.1400,0.0156,50,2920.1600,7.0000,182.5100,0.0000,0.0000,batch1-ds-cap,batch1-ds,50,50,7,0,0.0000,0.0200,0,10.1950,12.3244
cellular_automaton,ours,ds,24,50,0.1000,0.0424,0.0000,0.0000,0.1000,0.0625,50,3189.9200,7.0000,132.9133,0.0000,0.0000,batch1-ds-cap,batch1-ds,50,50,5,0,0.0000,0.0600,0,8.0008,9.1304
cellular_automaton,cells2,qwen9b,1,50,0.5926,0.0946,0.0200,0.0198,0.5726,3.052e-05,27,134.0000,12.0000,134.0000,0.0000,0.0000,batch1-2nd-9b,,27,50,16,0,0.0000,0.0000,23,11.0000,1.0000
cellular_automaton,cells2,qwen9b,2,50,0.4400,0.0702,0.0200,0.0198,0.4200,9.537e-07,50,256.0000,12.0000,128.0000,0.0000,0.0000,batch1-2nd-9b,,50,50,21,0,0.0000,0.0000,0,10.5000,1.0000
cellular_automaton,cells2,qwen9b,4,50,0.1200,0.0460,0.0200,0.0198,0.1000,0.0625,50,500.0000,12.0000,125.0000,0.0000,0.0000,batch1-2nd-9b,,50,50,5,0,0.0000,0.0000,0,10.2500,1.0000
cellular_automaton,cells2,qwen9b,6,50,0.0200,0.0198,0.0000,0.0000,0.0200,1.0000,50,744.0000,12.0000,124.0000,0.0000,0.0000,batch1-2nd-9b,,50,50,1,0,0.0000,0.0000,0,10.1667,1.0000
cellular_automaton,cells2,qwen9b,10,50,0.0200,0.0198,0.0000,0.0000,0.0200,1.0000,50,1233.0000,12.0000,123.3000,0.0000,0.0000,batch1-2nd-9b,,50,50,1,0,0.0000,0.0000,0,10.1000,1.0000
cellular_automaton,cells2,qwen9b,14,50,0.0000,0.0000,0.0200,0.0198,-0.0200,1.0000,50,1725.0000,12.0000,123.2143,0.0000,0.0000,batch1-2nd-9b,,50,50,0,1,0.0000,0.0000,0,10.0714,1.0000
cellular_automaton,cells2,ds,1,50,0.7800,0.0586,0.0200,0.0198,0.7600,7.276e-12,50,123.6600,7.0000,123.6600,0.0000,0.0000,batch1-2nd-ds,,50,50,38,0,0.0000,0.0000,0,11.2400,1.1892
cellular_automaton,cells2,ds,2,50,0.5400,0.0705,0.0200,0.0198,0.5200,2.980e-08,50,269.1000,7.0000,134.5500,0.0000,0.0000,batch1-2nd-ds,,50,50,26,0,0.0000,0.0000,0,10.8400,1.3285
cellular_automaton,cells2,ds,4,50,0.3600,0.0679,0.0200,0.0198,0.3400,1.526e-05,50,557.0000,7.0000,139.2500,0.0000,0.0000,batch1-2nd-ds,,50,50,17,0,0.0000,0.0000,0,10.4700,1.3797
cellular_automaton,cells2,ds,6,50,0.2400,0.0604,0.0000,0.0000,0.2400,4.883e-04,50,954.6200,7.0000,159.1033,0.0000,0.0000,batch1-2nd-ds,,50,50,12,0,0.0000,0.0000,0,10.6267,1.5640
cellular_automaton,cells2,ds,10,50,0.0400,0.0277,0.0000,0.0000,0.0400,0.5000,50,1508.4000,7.0000,150.8400,0.0400,0.0000,batch1-2nd-ds,,50,50,2,0,0.0000,0.0400,0,9.8240,1.4001
cellular_automaton,cells2,ds,14,50,0.1200,0.0460,0.0000,0.0000,0.1200,0.0312,50,1934.1400,7.0000,138.1529,0.2000,0.0000,batch1-2nd-ds,,50,50,6,0,0.0000,0.1600,0,8.5986,1.2730
cellular_automaton,cells3,qwen9b,1,50,1.0000,0.0000,0.0200,0.0198,0.9800,3.553e-15,50,371.0000,12.0000,371.0000,0.0000,0.0000,batch1-2nd3-9b,,50,50,49,0,0.0000,0.0000,0,11.0000,1.0000
cellular_automaton,cells3,qwen9b,2,50,0.8400,0.0518,0.0200,0.0198,0.8200,9.095e-13,50,730.0000,12.0000,365.0000,0.0000,0.0000,batch1-2nd3-9b,,50,50,41,0,0.0000,0.0000,0,10.5000,1.0000
cellular_automaton,cells3,qwen9b,3,50,0.8200,0.0543,0.0000,0.0000,0.8200,9.095e-13,50,1089.0000,12.0000,363.0000,0.0000,0.0000,batch1-2nd3-9b,,50,50,41,0,0.0000,0.0000,0,10.3333,1.0000
cellular_automaton,cells3,qwen9b,4,50,0.5800,0.0698,0.0200,0.0198,0.5600,7.451e-09,50,1448.0800,12.0000,362.0200,0.0000,0.0000,batch1-2nd3-9b,,50,50,28,0,0.0000,0.0000,0,10.2500,1.0000
cellular_automaton,cells3,qwen9b,6,50,0.4600,0.0705,0.0000,0.0000,0.4600,2.384e-07,50,2166.0000,12.0000,361.0000,0.0000,0.0000,batch1-2nd3-9b,,50,50,23,0,0.0000,0.0000,0,10.1667,1.0009
cellular_automaton,cells3,qwen9b,10,50,0.1000,0.0424,0.0000,0.0000,0.1000,0.0625,50,3603.0000,12.0000,360.3000,0.0000,0.0000,batch1-2nd3-9b,,50,50,5,0,0.0000,0.0000,0,10.1000,1.0013
cellular_automaton,cells3,ds,1,50,0.9800,0.0198,0.0200,0.0198,0.9600,7.105e-15,50,320.0000,7.0000,320.0000,0.0000,0.0000,batch1-2nd3-ds,,50,50,48,0,0.0000,0.0000,0,11.0000,1.0000
cellular_automaton,cells3,ds,2,50,0.9600,0.0277,0.0200,0.0198,0.9400,1.421e-14,50,630.2000,7.0000,315.1000,0.0000,0.0000,batch1-2nd3-ds,,50,50,47,0,0.0000,0.0000,0,10.5300,0.9953
cellular_automaton,cells3,ds,3,50,0.9200,0.0384,0.0000,0.0000,0.9200,2.842e-14,50,943.3200,7.0000,314.4400,0.0000,0.0000,batch1-2nd3-ds,,50,50,46,0,0.0000,0.0000,0,10.6733,0.9972
cellular_automaton,cells3,ds,4,50,0.8200,0.0543,0.0200,0.0198,0.8000,1.819e-12,50,1140.9000,7.0000,285.2250,0.0000,0.0000,batch1-2nd3-ds,,50,50,40,0,0.0000,0.0000,0,10.7550,0.8671
cellular_automaton,cells3,ds,6,50,0.6600,0.0670,0.0000,0.0000,0.6600,2.328e-10,50,1589.0600,7.0000,264.8433,0.0000,0.0000,batch1-2nd3-ds,,50,50,33,0,0.0000,0.0000,0,10.4733,0.7975
cellular_automaton,cells3,ds,10,50,0.4600,0.0705,0.0000,0.0000,0.4600,2.384e-07,50,2130.1800,7.0000,213.0180,0.0000,0.0000,batch1-2nd3-ds,,50,50,23,0,0.0000,0.0000,0,10.1140,0.5629
cruxeval,published,qwen9b,1,50,0.7600,0.0604,0.5200,0.0707,0.2400,0.0042,50,246.2600,10.6800,246.2600,0.0000,0.0000,batch1,,50,50,14,2,0.0000,0.0000,0,14.1800,2.6746
cruxeval,published,qwen9b,2,50,0.8800,0.0460,0.7000,0.0648,0.1800,0.0039,50,223.5800,9.2600,111.7900,0.0200,0.0000,batch1,,50,50,9,0,0.0000,0.0200,0,6.6600,1.9879
cruxeval,published,qwen9b,4,50,0.8200,0.0543,0.5400,0.0705,0.2800,0.0026,50,276.1400,11.5400,69.0350,0.0200,0.0000,batch1,,50,50,17,3,0.0000,0.0200,0,3.8050,1.6520
cruxeval,published,qwen9b,6,50,0.8600,0.0491,0.4400,0.0702,0.4200,9.537e-07,50,296.8200,9.7000,49.4700,0.0000,0.0000,batch1,,50,50,21,0,0.0000,0.0000,0,2.7533,1.4615
cruxeval,published,qwen9b,9,50,0.9200,0.0384,0.6800,0.0660,0.2400,0.0042,50,328.0200,14.2000,36.4467,0.0000,0.0000,batch1,,50,50,14,2,0.0000,0.0000,0,1.8822,1.0937
cruxeval,published,qwen9b,12,50,0.8200,0.0543,0.4400,0.0702,0.3800,6.604e-05,50,432.4000,11.8000,36.0333,0.0000,0.0000,batch1,,50,50,21,2,0.0000,0.0000,0,1.8900,1.2413
cruxeval,published,qwen9b,15,50,0.6800,0.0660,0.2600,0.0620,0.4200,1.037e-04,50,545.5800,16.1600,36.3720,0.0000,0.0000,batch1,,50,50,25,4,0.0000,0.0000,0,1.6013,1.3535
cruxeval,published,llama70b,1,50,0.5600,0.0702,0.7000,0.0648,-0.1400,0.1892,50,185.1200,9.7000,185.1200,0.0200,0.0000,batch1-70b,,50,50,7,14,0.0000,0.0200,0,9.6000,2.1848
cruxeval,published,llama70b,2,50,0.6800,0.0660,0.6200,0.0686,0.0600,0.5811,50,159.0600,9.4400,79.5300,0.0000,0.0000,batch1-70b,,50,50,8,5,0.0000,0.0000,0,5.0400,1.6472
cruxeval,published,llama70b,4,50,0.7000,0.0648,0.5800,0.0698,0.1200,0.2101,50,208.5600,10.4400,52.1400,0.0200,0.0000,batch1-70b,,50,50,11,5,0.0000,0.0200,0,2.8400,1.3974
cruxeval,published,llama70b,6,50,0.6800,0.0660,0.5600,0.0702,0.1200,0.1796,50,231.2800,9.3600,38.5467,0.0000,0.0000,batch1-70b,,50,50,10,4,0.0000,0.0000,0,2.2867,1.3410
cruxeval,published,llama70b,9,50,0.8000,0.0566,0.6800,0.0660,0.1200,0.2101,50,238.2400,13.7200,26.4711,0.0000,0.0000,batch1-70b,,50,50,11,5,0.0000,0.0000,0,1.5978,0.9693
cruxeval,published,llama70b,12,50,0.5800,0.0698,0.4400,0.0702,0.1400,0.0923,50,277.7400,12.7400,23.1450,0.0000,0.0000,batch1-70b,,50,50,10,3,0.0000,0.0000,0,1.3233,0.9148
cruxeval,published,llama70b,15,50,0.5600,0.0702,0.2600,0.0620,0.3000,2.747e-04,50,323.0800,14.3800,21.5387,0.0000,0.0000,batch1-70b,,50,50,16,1,0.0000,0.0000,0,1.0733,0.9411
cruxeval,published,ds,1,50,0.9000,0.0424,0.7000,0.0648,0.2000,0.0129,50,276.9200,9.9000,276.9200,0.0600,0.0000,batch1-ds,,50,50,12,2,0.0000,0.0600,0,15.6000,3.0064
cruxeval,published,ds,2,50,0.9000,0.0424,0.8000,0.0566,0.1000,0.1250,50,162.3800,9.2600,81.1900,0.0200,0.0000,batch1-ds,,50,50,6,1,0.0000,0.0200,0,6.5000,1.3712
cruxeval,published,ds,4,50,0.8000,0.0566,0.6400,0.0679,0.1600,0.0574,50,236.3400,10.6800,59.0850,0.0400,0.0000,batch1-ds,,50,50,11,3,0.0000,0.0400,0,3.6000,1.4044
cruxeval,published,ds,6,50,0.8600,0.0491,0.5000,0.0707,0.3600,7.629e-06,50,254.4400,9.0600,42.4067,0.0400,0.0000,batch1-ds,,50,50,18,0,0.0000,0.0400,0,2.3933,1.2791
cruxeval,published,ds,9,50,0.7800,0.0586,0.7200,0.0635,0.0600,0.5488,50,219.0200,13.7600,24.3356,0.0000,0.0000,batch1-ds,,50,50,7,4,0.0000,0.0000,0,1.5800,0.7482
cruxeval,published,ds,12,50,0.7400,0.0620,0.4800,0.0707,0.2600,0.0044,50,283.7600,12.4400,23.6467,0.0000,0.0000,batch1-ds,,50,50,16,3,0.0000,0.0000,0,1.3433,0.7873
cruxeval,published,ds,15,50,0.4200,0.0698,0.3200,0.0660,0.1000,0.4731,50,319.9800,14.8800,21.3320,0.0000,0.0000,batch1-ds,,50,50,18,13,0.0000,0.0000,0,1.1413,0.7358
cup_shuffling,published,qwen9b,2,50,1.0000,0.0000,0.6200,0.0686,0.3800,3.815e-06,50,98.4000,6.0000,49.2000,0.0000,0.0000,batch1,,50,50,19,0,0.0000,0.0000,0,2.5000,0.9934
cup_shuffling,published,qwen9b,3,50,1.0000,0.0000,0.3600,0.0679,0.6400,4.657e-10,50,119.5000,6.0000,39.8333,0.0000,0.0000,batch1,,50,50,32,0,0.0000,0.0000,0,2.0000,0.9863
cup_shuffling,published,qwen9b,5,50,1.0000,0.0000,0.3400,0.0670,0.6600,2.328e-10,50,166.8000,6.0000,33.3600,0.0000,0.0000,batch1,,50,50,33,0,0.0000,0.0000,0,1.6000,0.9769
cup_shuffling,published,qwen9b,8,50,1.0000,0.0000,0.2600,0.0620,0.7400,1.455e-11,50,238.3400,6.0000,29.7925,0.0000,0.0000,batch1,,50,50,37,0,0.0000,0.0000,0,1.3750,0.9665
cup_shuffling,published,qwen9b,12,50,0.9800,0.0198,0.2200,0.0586,0.7600,7.276e-12,50,329.7200,6.0000,27.4767,0.0000,0.0000,batch1,,50,50,38,0,0.0000,0.0000,0,1.2467,0.9516
cup_shuffling,published,qwen9b,16,50,0.8400,0.0518,0.2600,0.0620,0.5800,2.980e-08,50,479.5600,6.0000,29.9725,0.0200,0.0000,batch1,,50,50,30,1,0.0000,0.0200,0,1.3362,0.9519
cup_shuffling,published,qwen9b,18,50,0.6200,0.0686,0.3800,0.0686,0.2400,0.0290,50,503.1200,6.0000,27.9511,0.0000,0.0000,batch1b-9b,,50,50,19,7,0.0000,0.0000,0,1.2356,0.9654
cup_shuffling,published,qwen9b,20,50,0.5600,0.0702,0.4000,0.0693,0.1600,0.1686,50,706.7600,6.0000,35.3380,0.0600,0.0000,batch1b-9b,,50,50,17,9,0.0000,0.0600,0,1.6310,1.1516
cup_shuffling,published,qwen9b,22,50,0.3000,0.0648,0.3600,0.0679,-0.0600,0.6072,50,1229.8000,6.0000,55.9000,0.2800,0.0000,batch1b-9b,,50,50,6,9,0.0000,0.2800,0,2.4345,1.8709
cup_shuffling,published,qwen9b,24,50,0.2800,0.0635,0.2800,0.0635,0.0000,1.0000,50,1398.0200,6.0000,58.2508,0.3000,0.0000,batch1,,50,50,11,11,0.0000,0.3000,0,2.5542,1.9920
cup_shuffling,published,llama70b,2,50,1.0000,0.0000,0.6400,0.0679,0.3600,7.629e-06,50,94.1400,6.0000,47.0700,0.0000,0.0000,batch1-70b,,50,50,18,0,0.0000,0.0000,0,2.5000,0.9938
cup_shuffling,published,llama70b,3,50,1.0000,0.0000,0.2600,0.0620,0.7400,1.455e-11,50,114.2600,6.0000,38.0867,0.0000,0.0000,batch1-70b,,50,50,37,0,0.0000,0.0000,0,2.0000,0.9863
cup_shuffling,published,llama70b,5,50,1.0000,0.0000,0.2800,0.0635,0.7200,2.910e-11,50,160.7400,6.0000,32.1480,0.0000,0.0000,batch1-70b,,50,50,36,0,0.0000,0.0000,0,1.6000,0.9859
cup_shuffling,published,llama70b,8,50,1.0000,0.0000,0.3200,0.0660,0.6800,1.164e-10,50,230.6400,6.0000,28.8300,0.0000,0.0000,batch1-70b,,50,50,34,0,0.0000,0.0000,0,1.3750,0.9820
cup_shuffling,published,llama70b,12,50,1.0000,0.0000,0.3800,0.0686,0.6200,9.313e-10,50,328.5800,6.0000,27.3817,0.0000,0.0000,batch1-70b,,50,50,31,0,0.0000,0.0000,0,1.3017,1.0194
cup_shuffling,published,llama70b,16,50,0.6600,0.0670,0.2000,0.0566,0.4600,1.524e-05,50,517.7400,6.0000,32.3588,0.0200,0.0000,batch1-70b,,50,50,26,3,0.0000,0.0200,0,1.5012,1.2013
cup_shuffling,published,llama70b,24,50,0.3800,0.0686,0.3000,0.0648,0.0800,0.5572,50,897.0600,6.0000,37.3775,0.1000,0.0000,batch1-70b,,50,50,15,11,0.0000,0.1200,0,1.7967,1.5622
cup_shuffling,published,ds,2,50,1.0000,0.0000,0.5400,0.0705,0.4600,2.384e-07,50,94.1600,6.0600,47.0800,0.0000,0.0000,batch1-ds,,50,50,23,0,0.0000,0.0000,0,2.5000,0.9963
cup_shuffling,published,ds,3,50,1.0000,0.0000,0.2200,0.0586,0.7800,3.638e-12,50,114.4400,6.0600,38.1467,0.0000,0.0000,batch1-ds,,50,50,39,0,0.0000,0.0000,0,2.0000,0.9805
cup_shuffling,published,ds,5,50,1.0000,0.0000,0.3000,0.0648,0.7000,5.821e-11,50,156.8200,6.0000,31.3640,0.0000,0.0000,batch1-ds,,50,50,35,0,0.0000,0.0000,0,2.0080,0.9624
cup_shuffling,published,ds,8,50,1.0000,0.0000,0.3000,0.0648,0.7000,5.821e-11,50,225.9200,6.0000,28.2400,0.0000,0.0000,batch1-ds,,50,50,35,0,0.0000,0.0000,0,3.4600,0.9592
cup_shuffling,published,ds,12,50,1.0000,0.0000,0.3600,0.0679,0.6400,4.657e-10,50,303.8000,6.0000,25.3167,0.0000,0.0000,batch1-ds,,50,50,32,0,0.0000,0.0000,0,2.6033,0.9420
cup_shuffling,published,ds,16,50,0.9200,0.0384,0.3200,0.0660,0.6000,1.863e-09,50,382.4400,6.0000,23.9025,0.0000,0.0000,batch1-ds,,50,50,30,0,0.0000,0.0000,0,2.3200,0.8410
cup_shuffling,published,ds,24,50,0.9600,0.0277,0.3000,0.0648,0.6600,2.095e-09,50,548.9800,6.0200,22.8742,0.0000,0.0000,batch1-ds,,50,50,34,1,0.0000,0.0200,0,1.9158,0.8610
dyck,published,qwen9b,4,50,0.9000,0.0424,0.3400,0.0670,0.5600,2.463e-07,50,124.5600,6.0800,31.1400,0.0000,0.0000,batch1,,50,50,30,2,0.0000,0.0000,0,2.7500,0.9993
dyck,published,qwen9b,8,50,0.8800,0.0460,0.2000,0.0566,0.6800,1.164e-10,50,160.1800,6.1600,20.0225,0.0000,0.0000,batch1,,50,50,34,0,0.0000,0.0000,0,1.8750,0.9993
dyck,published,qwen9b,16,50,0.8400,0.0518,0.1800,0.0543,0.6600,2.095e-09,50,246.6000,6.1200,15.4125,0.0000,0.0000,batch1,,50,50,34,1,0.0000,0.0000,0,1.4363,0.9972
dyck,published,qwen9b,24,50,0.6400,0.0679,0.1200,0.0460,0.5200,8.680e-07,50,357.9000,5.8600,14.9125,0.0000,0.0000,batch1,,50,50,28,2,0.0000,0.0000,0,1.3450,1.0795
dyck,published,qwen9b,32,50,0.6600,0.0670,0.0600,0.0336,0.6000,6.938e-08,50,431.0600,6.0000,13.4706,0.0000,0.0000,batch1,,50,50,32,2,0.0000,0.0000,0,1.2275,1.0075
dyck,published,qwen9b,40,50,0.4800,0.0707,0.0400,0.0277,0.4400,4.768e-07,50,524.8000,6.4200,13.1200,0.0000,0.0000,batch1b-9b,,50,50,22,0,0.0000,0.0000,0,1.1675,0.9768
dyck,published,qwen9b,48,50,0.3000,0.0648,0.0400,0.0277,0.2600,9.766e-04,50,665.7400,6.5800,13.8696,0.0600,0.0000,batch1,,50,50,14,1,0.0000,0.0600,0,1.2279,1.0446
dyck,published,qwen9b,56,50,0.2400,0.0604,0.0600,0.0336,0.1800,0.0352,50,696.3400,6.3800,12.4346,0.0200,0.0000,batch1b-9b,,50,50,12,3,0.0000,0.0200,0,1.1246,0.9939
dyck,published,qwen9b,64,50,0.2200,0.0586,0.0000,0.0000,0.2200,9.766e-04,50,833.8800,7.5200,13.0294,0.0600,0.0000,batch1b-9b,,50,50,11,0,0.0000,0.0600,0,1.1219,1.0195
dyck,published,llama70b,4,50,0.9800,0.0198,0.7600,0.0604,0.2200,9.766e-04,50,116.9400,5.8200,29.2350,0.0000,0.0000,batch1-70b,,50,50,11,0,0.0000,0.0000,0,2.7500,1.0036
dyck,published,llama70b,8,50,0.8200,0.0543,0.5200,0.0707,0.3000,7.286e-04,50,151.8000,6.2200,18.9750,0.0000,0.0000,batch1-70b,,50,50,17,2,0.0000,0.0000,0,1.8950,1.0157
dyck,published,llama70b,16,50,0.6400,0.0679,0.2600,0.0620,0.3800,3.107e-04,50,227.5200,7.1200,14.2200,0.0000,0.0000,batch1-70b,,50,50,23,4,0.0000,0.0000,0,1.4725,1.0143
dyck,published,llama70b,24,50,0.5200,0.0707,0.0800,0.0384,0.4400,2.980e-06,50,308.5200,7.9600,12.8550,0.0000,0.0000,batch1-70b,,50,50,23,1,0.0000,0.0000,0,1.3133,1.0294
dyck,published,llama70b,32,50,0.4000,0.0693,0.0800,0.0384,0.3200,8.554e-04,50,391.0000,9.1800,12.2188,0.0000,0.0000,batch1-70b,,50,50,19,3,0.0000,0.0000,0,1.2550,1.0323
dyck,published,llama70b,48,50,0.1800,0.0543,0.0000,0.0000,0.1800,0.0039,50,577.6800,16.0800,12.0350,0.0000,0.0000,batch1-70b,,50,50,9,0,0.0000,0.0000,0,1.1613,1.0337
dyck,published,ds,4,50,1.0000,0.0000,0.7400,0.0620,0.2600,2.441e-04,50,118.9800,5.9800,29.7450,0.0000,0.0000,batch1-ds,,50,50,13,0,0.0000,0.0000,0,2.7500,1.0000
dyck,published,ds,8,50,0.9800,0.0198,0.5600,0.0702,0.4200,9.537e-07,50,152.3400,6.2000,19.0425,0.0000,0.0000,batch1-ds,,50,50,21,0,0.0000,0.0000,0,1.8750,1.0006
dyck,published,ds,16,50,0.9600,0.0277,0.2800,0.0635,0.6800,1.164e-10,50,228.0200,7.0400,14.2513,0.0000,0.0000,batch1-ds,,50,50,34,0,0.0000,0.0000,0,1.4400,1.0002
dyck,published,ds,24,50,0.8600,0.0491,0.1800,0.0543,0.6800,1.164e-10,50,302.7000,7.0400,12.6125,0.0000,0.0000,batch1-ds,,50,50,34,0,0.0000,0.0000,0,1.2933,0.9967
dyck,published,ds,32,50,0.8200,0.0543,0.3200,0.0660,0.5000,4.172e-07,50,383.8400,6.7800,11.9950,0.0000,0.0000,batch1-ds,,50,50,26,1,0.0000,0.0000,0,1.2281,1.0075
dyck,published,ds,48,50,0.7600,0.0604,0.1000,0.0424,0.6600,2.328e-10,50,577.2400,7.5400,12.0258,0.0000,0.0000,batch1-ds,,50,50,33,0,0.0000,0.0000,0,1.1550,1.0344
entity_tracking_boxes,ours,qwen9b,2,50,0.9800,0.0198,0.9200,0.0384,0.0600,0.2500,50,52.3400,6.0800,26.1700,0.0000,0.0000,batch1,,50,50,3,0,0.0000,0.0000,0,2.0000,1.0156
entity_tracking_boxes,ours,qwen9b,4,50,0.8400,0.0518,0.6200,0.0686,0.2200,0.0074,50,90.0800,6.6400,22.5200,0.0000,0.0000,batch1,,50,50,13,2,0.0000,0.0000,0,1.5000,1.0986
entity_tracking_boxes,ours,qwen9b,6,150,0.6800,0.0381,0.4067,0.0401,0.2733,2.717e-08,150,135.8067,7.5733,22.6344,0.0000,0.0000,batch1b-9b,,150,150,49,8,0.0000,0.0000,0,1.3867,1.1964
entity_tracking_boxes,ours,qwen9b,8,50,0.8200,0.0543,0.4000,0.0693,0.4200,5.722e-06,50,181.3200,7.6400,22.6650,0.0000,0.0000,batch1,,50,50,22,1,0.0000,0.0000,0,1.3200,1.1991
entity_tracking_boxes,ours,qwen9b,10,150,0.4933,0.0408,0.2867,0.0369,0.2067,5.540e-06,150,231.7733,8.0000,23.1773,0.0000,0.0000,batch1b-9b,,150,150,39,8,0.0000,0.0000,0,1.2633,1.3069
entity_tracking_boxes,ours,qwen9b,12,50,0.4400,0.0702,0.2000,0.0566,0.2400,0.0018,50,234.7400,8.0000,19.5617,0.0000,0.0000,batch1,,50,50,13,1,0.0000,0.0000,0,1.1617,1.1112
entity_tracking_boxes,ours,qwen9b,18,50,0.3800,0.0686,0.1800,0.0543,0.2000,0.0063,50,395.6000,8.2800,21.9778,0.0000,0.0000,batch1,,50,50,11,1,0.0000,0.0000,0,1.2111,1.2367
entity_tracking_boxes,ours,qwen9b,26,150,0.2533,0.0355,0.1667,0.0304,0.0867,0.0789,150,600.8267,9.6000,23.1087,0.0267,0.0000,batch1b-9b,batch1,150,150,30,17,0.0000,0.0267,0,1.1456,1.3511
entity_tracking_boxes,ours,qwen9b,36,50,0.2400,0.0604,0.2400,0.0604,0.0000,1.0000,50,764.8000,9.9200,21.2444,0.0400,0.0000,batch1,,50,50,6,6,0.0000,0.0400,0,1.0233,1.2628
entity_tracking_boxes,ours,llama70b,2,50,1.0000,0.0000,1.0000,0.0000,0.0000,1.0000,50,49.5800,5.7200,24.7900,0.0000,0.0000,batch1-70b,,50,50,0,0,0.0000,0.0000,0,2.0100,1.0231
entity_tracking_boxes,ours,llama70b,4,50,0.9800,0.0198,0.9600,0.0277,0.0200,1.0000,50,80.2200,5.6400,20.0550,0.0000,0.0000,batch1-70b,,50,50,1,0,0.0000,0.0000,0,1.5000,1.0279
entity_tracking_boxes,ours,llama70b,8,50,1.0000,0.0000,0.9200,0.0384,0.0800,0.1250,50,143.6000,5.8400,17.9500,0.0000,0.0000,batch1-70b,,50,50,4,0,0.0000,0.0000,0,1.2325,0.9979
entity_tracking_boxes,ours,llama70b,12,50,0.9000,0.0424,0.8400,0.0518,0.0600,0.4531,50,199.4200,5.6800,16.6183,0.0000,0.0000,batch1-70b,,50,50,5,2,0.0000,0.0000,0,1.1250,0.9976
entity_tracking_boxes,ours,llama70b,18,50,0.8000,0.0566,0.7400,0.0620,0.0600,0.6072,50,285.4200,6.2800,15.8567,0.0000,0.0000,batch1-70b,,50,50,9,6,0.0000,0.0000,0,1.0244,0.9629
entity_tracking_boxes,ours,llama70b,26,50,0.8400,0.0518,0.7400,0.0620,0.1000,0.2266,50,332.9000,6.9800,12.8038,0.0000,0.0000,batch1-70b,,50,50,8,3,0.0000,0.0000,0,0.8469,0.7973
entity_tracking_boxes,ours,llama70b,36,50,0.8200,0.0543,0.8000,0.0566,0.0200,1.0000,50,144.9800,6.3600,4.0272,0.0000,0.0000,batch1-70b,,50,50,7,6,0.0000,0.0000,0,0.2833,0.2592
entity_tracking_boxes,ours,ds,2,50,1.0000,0.0000,0.9800,0.0198,0.0200,1.0000,50,48.5400,5.7200,24.2700,0.0000,0.0000,batch1-ds,,50,50,1,0,0.0000,0.0000,0,1.9700,1.0006
entity_tracking_boxes,ours,ds,4,50,1.0000,0.0000,0.9800,0.0198,0.0200,1.0000,50,78.4800,5.5200,19.6200,0.0000,0.0000,batch1-ds,,50,50,1,0,0.0000,0.0000,0,1.5000,1.0033
entity_tracking_boxes,ours,ds,8,50,1.0000,0.0000,0.7200,0.0635,0.2800,1.221e-04,50,174.5200,5.4400,21.8150,0.0000,0.0000,batch1-ds,,50,50,14,0,0.0000,0.0000,0,1.7575,1.1367
entity_tracking_boxes,ours,ds,12,50,0.9800,0.0198,0.7200,0.0635,0.2600,9.766e-04,50,272.1800,5.4800,22.6817,0.0000,0.0000,batch1-ds,,50,50,14,1,0.0000,0.0000,0,1.9900,1.2148
entity_tracking_boxes,ours,ds,18,50,1.0000,0.0000,0.7600,0.0604,0.2400,4.883e-04,50,492.7200,5.6400,27.3733,0.0000,0.0000,batch1-ds,,50,50,12,0,0.0000,0.0000,0,2.6722,1.3650
entity_tracking_boxes,ours,ds,26,50,0.9800,0.0198,0.6400,0.0679,0.3400,7.629e-05,50,616.7800,5.5600,23.7223,0.0000,0.0000,batch1-ds,,50,50,18,1,0.0000,0.0000,0,2.1054,1.2149
entity_tracking_boxes,ours,ds,36,50,0.9800,0.0198,0.6000,0.0693,0.3800,2.098e-05,50,764.4200,5.8400,21.2339,0.0000,0.0000,batch1-ds,,50,50,20,1,0.0000,0.0000,0,1.6822,1.1035
hanoi,published,qwen9b,2,50,0.0600,0.0336,0.0200,0.0198,0.0400,0.5000,50,40.9600,13.0600,20.4800,0.0000,0.0000,batch1,,50,50,2,0,0.0000,0.0000,0,2.5000,0.9981
hanoi,published,qwen9b,5,50,0.0800,0.0384,0.0000,0.0000,0.0800,0.1250,50,73.9000,13.8800,14.7800,0.0000,0.0000,batch1,,50,50,4,0,0.0000,0.0000,0,1.6000,1.0040
hanoi,published,qwen9b,10,50,0.0000,0.0000,0.0000,0.0000,0.0000,1.0000,50,955.2000,17.6000,95.5200,0.8600,0.0000,batch1,,50,50,0,0,0.0000,0.8600,0,4.6940,14.1221
hanoi,published,qwen9b,20,50,0.0000,0.0000,0.0000,0.0000,0.0000,1.0000,50,1089.0000,21.2600,54.4500,1.0000,0.0000,batch1,,50,50,0,0,0.0000,1.0000,0,2.5130,9.3098
hanoi,published,qwen9b,40,50,0.0000,0.0000,0.0000,0.0000,0.0000,1.0000,50,1089.0000,24.4000,27.2250,1.0000,0.0000,batch1,,50,50,0,0,0.0000,1.0000,0,1.2230,4.9973
hanoi,published,qwen9b,80,50,0.0000,0.0000,0.0000,0.0000,0.0000,1.0000,50,1089.0000,27.3800,13.6125,1.0000,0.0000,batch1,,50,50,0,0,0.0000,1.0000,0,0.5985,2.6698
hanoi,published,llama70b,2,50,0.1400,0.0491,0.0400,0.0277,0.1000,0.1797,50,184.1400,13.1000,92.0700,0.0000,0.0000,batch1-70b,,50,50,7,2,0.0000,0.0000,0,7.5500,7.6366
hanoi,published,llama70b,5,50,0.1000,0.0424,0.1400,0.0491,-0.0400,0.7744,50,280.7400,13.5200,56.1480,0.0000,0.0000,batch1-70b,,50,50,5,7,0.0000,0.0000,0,3.9680,6.5099
hanoi,published,llama70b,10,50,0.0200,0.0198,0.0400,0.0277,-0.0200,1.0000,50,626.0600,16.5600,62.6060,0.0000,0.0000,batch1-70b,,50,50,1,2,0.0000,0.0000,0,4.1840,9.2836
hanoi,published,llama70b,20,50,0.0000,0.0000,0.0200,0.0198,-0.0200,1.0000,50,807.8200,20.1400,40.3910,0.2000,0.0000,batch1-70b,,50,50,0,1,0.0000,0.1400,0,1.9430,6.9043
hanoi,published,llama70b,40,50,0.0000,0.0000,0.0000,0.0000,0.0000,1.0000,50,425.5200,23.4800,10.6380,0.0000,0.0000,batch1-70b,,50,50,0,0,0.0000,0.0000,0,0.3095,3.1235
hanoi,published,llama70b,80,50,0.0000,0.0000,0.0000,0.0000,0.0000,1.0000,50,399.3400,26.2600,4.9917,0.0000,0.0000,batch1-70b,,50,50,0,0,0.0000,0.0000,0,0.1197,1.6056
hanoi,published,ds,2,50,0.5000,0.0707,0.0800,0.0384,0.4200,5.722e-06,50,1475.7200,13.6800,737.8600,0.0400,0.0000,batch1-ds-cap,batch1-ds,50,50,22,1,0.0000,0.2400,0,23.7500,63.1125
hanoi,published,ds,5,50,0.2600,0.0620,0.0400,0.0277,0.2200,0.0074,50,2996.5800,13.7800,599.3160,0.1000,0.0000,batch1-ds-cap,batch1-ds,50,50,13,2,0.0000,0.1400,0,22.4280,77.2569
hanoi,published,ds,10,50,0.1800,0.0543,0.1000,0.0424,0.0800,0.4240,50,5216.0600,17.3400,521.6060,0.4200,0.0000,batch1-ds-cap,batch1-ds,50,50,9,5,0.0000,0.4400,0,15.5800,82.2421
hanoi,published,ds,20,50,0.1400,0.0491,0.0000,0.0000,0.1400,0.0156,50,7193.3600,21.1800,359.6680,0.7000,0.0000,batch1-ds-cap,batch1-ds,50,50,7,0,0.0000,0.7000,0,11.4770,62.7614
hanoi,published,ds,40,50,0.0800,0.0384,0.0000,0.0000,0.0800,0.1250,50,7838.9000,24.4000,195.9725,0.8600,0.0000,batch1-ds-cap,batch1-ds,50,50,4,0,0.0000,0.8800,0,6.0765,37.6822
hanoi,published,ds,80,50,0.0200,0.0198,0.0000,0.0000,0.0200,1.0000,50,7864.2200,27.4000,98.3028,0.8800,0.0000,batch1-ds-cap,batch1-ds,50,50,1,0,0.0000,0.9400,0,2.9415,21.2669
hanoi,execute,qwen9b,2,50,0.9800,0.0198,0.6400,0.0679,0.3400,7.629e-05,50,74.5800,15.7400,37.2900,0.0000,0.0000,batch1-2nd-9b,,50,50,18,1,0.0000,0.0000,0,1.5300,1.0661
hanoi,execute,qwen9b,4,50,0.9800,0.0198,0.3400,0.0670,0.6400,4.657e-10,50,137.3600,15.5400,34.3400,0.0000,0.0000,batch1-2nd-9b,,50,50,32,0,0.0000,0.0000,0,1.3650,1.1126
hanoi,execute,qwen9b,8,50,0.9600,0.0277,0.1000,0.0424,0.8600,2.274e-13,50,245.6000,15.6000,30.7000,0.0000,0.0000,batch1-2nd-9b,,50,50,43,0,0.0000,0.0000,0,1.1675,1.0393
hanoi,execute,qwen9b,16,50,0.8600,0.0491,0.0200,0.0198,0.8400,4.547e-13,50,626.7600,16.1800,39.1725,0.0400,0.0000,batch1-2nd-9b,,50,50,42,0,0.0000,0.0400,0,1.4412,1.4423
hanoi,execute,qwen9b,32,50,0.4200,0.0698,0.0000,0.0000,0.4200,9.537e-07,50,1721.9400,16.5800,53.8106,0.4200,0.0000,batch1-2nd-9b,,50,50,21,0,0.0000,0.4200,0,2.0187,2.1784
hanoi,execute,qwen9b,64,50,0.0200,0.0198,0.0000,0.0000,0.0200,1.0000,50,2690.3800,17.7200,42.0372,0.9600,0.0000,batch1-2nd-9b,,50,50,1,0,0.0000,0.9600,0,1.4937,1.7410
hanoi,execute,ds,2,50,1.0000,0.0000,0.9600,0.0277,0.0400,0.5000,50,182.4800,15.8200,91.2400,0.0000,0.0000,batch1-2nd-ds,,50,50,2,0,0.0000,0.0000,0,6.0000,3.4755
hanoi,execute,ds,4,50,1.0000,0.0000,0.8200,0.0543,0.1800,0.0039,50,293.3400,15.9200,73.3350,0.0000,0.0000,batch1-2nd-ds,,50,50,9,0,0.0000,0.0000,0,4.6250,3.1188
hanoi,execute,ds,8,50,1.0000,0.0000,0.3200,0.0660,0.6800,1.164e-10,50,542.5600,16.3400,67.8200,0.0000,0.0000,batch1-2nd-ds,,50,50,34,0,0.0000,0.0000,0,4.2725,2.9325
hanoi,execute,ds,16,50,1.0000,0.0000,0.1200,0.0460,0.8800,1.137e-13,50,798.1200,17.3000,49.8825,0.0000,0.0000,batch1-2nd-ds,,50,50,44,0,0.0000,0.0000,0,2.2025,2.3030
hanoi,execute,ds,32,50,1.0000,0.0000,0.0200,0.0198,0.9800,3.553e-15,50,1424.3600,17.9800,44.5112,0.0000,0.0000,batch1-2nd-ds,,50,50,49,0,0.0000,0.0000,0,1.6081,1.9961
hanoi,execute,ds,64,50,0.6800,0.0660,0.0600,0.0336,0.6200,7.916e-09,50,2321.9400,18.1600,36.2803,0.3200,0.0000,batch1-2nd-ds,,50,50,32,1,0.0000,0.3200,0,1.3772,1.5731
multiplication,published,qwen9b,2,50,1.0000,0.0000,1.0000,0.0000,0.0000,1.0000,50,154.5400,5.6600,77.2700,0.0000,0.0000,batch1,,50,50,0,0,0.0000,0.0000,0,2.8500,1.1091
multiplication,published,qwen9b,3,50,1.0000,0.0000,1.0000,0.0000,0.0000,1.0000,50,211.3000,6.8800,70.4333,0.0000,0.0000,batch1,,50,50,0,0,0.0000,0.0000,0,2.0867,1.0160
multiplication,published,qwen9b,6,50,1.0000,0.0000,1.0000,0.0000,0.0000,1.0000,50,425.0200,7.8800,70.8367,0.0000,0.0000,batch1,,50,50,0,0,0.0000,0.0000,0,1.6667,1.0004
multiplication,published,qwen9b,8,50,0.8800,0.0460,1.0000,0.0000,-0.1200,0.0312,50,554.2600,8.8200,69.2825,0.0000,0.0000,batch1,,50,50,0,6,0.0000,0.0000,0,1.5000,1.0001
multiplication,published,qwen9b,12,50,0.8800,0.0460,0.9600,0.0277,-0.0800,0.2891,50,832.7800,9.8000,69.3983,0.0000,0.0000,batch1,,50,50,2,6,0.0000,0.0000,0,1.4817,0.9944
multiplication,published,qwen9b,20,50,0.4000,0.0693,0.6200,0.0686,-0.2200,0.0266,50,1392.8400,11.6400,69.6420,0.0000,0.0000,batch1,,50,50,5,16,0.0000,0.0000,0,1.6890,1.0039
multiplication,published,qwen9b,30,50,0.0800,0.0384,0.0400,0.0277,0.0400,0.6250,50,2463.7000,13.8000,82.1233,0.0400,0.0000,batch1,,50,50,3,1,0.0000,0.0400,0,2.3287,1.0742
multiplication,published,llama70b,2,50,1.0000,0.0000,1.0000,0.0000,0.0000,1.0000,50,36.1600,5.0000,18.0800,0.0000,0.0000,batch1-70b,,50,50,0,0,0.0000,0.0000,0,1.6900,0.2328
multiplication,published,llama70b,3,50,1.0000,0.0000,1.0000,0.0000,0.0000,1.0000,50,74.5000,5.0000,24.8333,0.0000,0.0000,batch1-70b,,50,50,0,0,0.0000,0.0000,0,2.1200,0.2799
multiplication,published,llama70b,6,50,1.0000,0.0000,0.9800,0.0198,0.0200,1.0000,50,286.2200,5.8800,47.7033,0.0000,0.0000,batch1-70b,,50,50,1,0,0.0000,0.0000,0,1.6133,0.7328
multiplication,published,llama70b,8,50,0.8000,0.0566,0.7600,0.0604,0.0400,0.8036,50,727.1800,6.0000,90.8975,0.0400,0.0000,batch1-70b,,50,50,9,7,0.0000,0.0400,0,1.5400,1.3114
multiplication,published,llama70b,12,50,0.5000,0.0707,0.5600,0.0702,-0.0600,0.6636,50,696.5600,6.0000,58.0467,0.0000,0.0000,batch1-70b,,50,50,9,12,0.0000,0.0000,0,1.5917,0.9403
multiplication,published,llama70b,20,50,0.1200,0.0460,0.0600,0.0336,0.0600,0.3750,50,1043.8600,7.0000,52.1930,0.0200,0.0000,batch1-70b,,50,50,4,1,0.0000,0.0200,0,1.4470,0.8348
multiplication,published,llama70b,30,50,0.0200,0.0198,0.0000,0.0000,0.0200,1.0000,50,549.2800,7.8000,18.3093,0.0200,0.0000,batch1-70b,,50,50,1,0,0.0000,0.0200,0,0.7553,0.2627
nested_arithmetic,published,qwen9b,2,50,1.0000,0.0000,0.3600,0.0679,0.6400,4.657e-10,50,225.1800,5.8600,112.5900,0.0000,0.0000,batch1,,50,50,32,0,0.0000,0.0000,0,4.1900,1.1522
nested_arithmetic,published,qwen9b,3,50,1.0000,0.0000,0.1600,0.0518,0.8400,4.547e-13,50,299.7600,6.2400,99.9200,0.0000,0.0000,batch1,,50,50,42,0,0.0000,0.0000,0,3.2667,1.1845
nested_arithmetic,published,qwen9b,5,50,1.0000,0.0000,0.0400,0.0277,0.9600,7.105e-15,50,450.1000,6.7400,90.0200,0.0000,0.0000,batch1,,50,50,48,0,0.0000,0.0000,0,4.7360,1.3107
nested_arithmetic,published,qwen9b,7,50,0.9600,0.0277,0.0000,0.0000,0.9600,7.105e-15,50,599.7800,6.8200,85.6829,0.0000,0.0000,batch1,,50,50,48,0,0.0000,0.0000,0,4.6771,1.3314
nested_arithmetic,published,qwen9b,10,50,0.8800,0.0460,0.0200,0.0198,0.8600,2.274e-13,50,831.4800,6.9400,83.1480,0.0000,0.0000,batch1,,50,50,43,0,0.0000,0.0000,0,4.6940,1.3125
nested_arithmetic,published,qwen9b,14,50,0.8600,0.0491,0.0200,0.0198,0.8400,4.547e-13,50,1168.3600,7.2600,83.4543,0.0000,0.0000,batch1,,50,50,42,0,0.0000,0.0000,0,4.5914,1.3246
nested_arithmetic,published,qwen9b,20,50,0.7800,0.0586,0.0000,0.0000,0.7800,3.638e-12,50,1733.5000,7.3800,86.6750,0.0000,0.0000,batch1b-9b,,50,50,39,0,0.0000,0.0000,0,4.5500,1.3730
nested_arithmetic,published,qwen9b,28,50,0.5800,0.0698,0.0000,0.0000,0.5800,3.725e-09,50,2347.5600,7.2000,83.8414,0.0000,0.0000,batch1b-9b,,50,50,29,0,0.0000,0.0000,0,4.2786,1.3353
nested_arithmetic,published,qwen9b,40,50,0.4200,0.0698,0.0000,0.0000,0.4200,9.537e-07,50,3324.3000,7.2000,83.1075,0.0600,0.0000,batch1b-9b,,50,50,21,0,0.0000,0.0600,0,4.2285,1.3227
nested_arithmetic,published,llama70b,2,50,0.9800,0.0198,0.4600,0.0705,0.5200,2.161e-07,50,195.5000,5.1400,97.7500,0.0000,0.0000,batch1-70b,,50,50,27,1,0.0000,0.0000,0,3.0300,1.0082
nested_arithmetic,published,llama70b,3,50,0.9800,0.0198,0.2000,0.0566,0.7800,3.638e-12,50,255.9200,5.1200,85.3067,0.0000,0.0000,batch1-70b,,50,50,39,0,0.0000,0.0000,0,2.3867,1.0083
nested_arithmetic,published,llama70b,5,50,0.9000,0.0424,0.0200,0.0198,0.8800,1.137e-13,50,345.5000,5.2000,69.1000,0.0000,0.0000,batch1-70b,,50,50,44,0,0.0000,0.0000,0,1.8160,0.9979
nested_arithmetic,published,llama70b,7,50,0.9600,0.0277,0.0200,0.0198,0.9400,1.421e-14,50,438.0200,5.4000,62.5743,0.0000,0.0000,batch1-70b,,50,50,47,0,0.0000,0.0000,0,1.7343,0.9639
nested_arithmetic,published,llama70b,10,50,0.7600,0.0604,0.0200,0.0198,0.7400,1.455e-11,50,604.7200,5.6000,60.4720,0.0000,0.0000,batch1-70b,,50,50,37,0,0.0000,0.0000,0,1.8480,0.9572
nested_arithmetic,published,llama70b,14,50,0.5200,0.0707,0.0200,0.0198,0.5000,5.960e-08,50,779.0400,5.7400,55.6457,0.0000,0.0000,batch1-70b,,50,50,25,0,0.0000,0.0000,0,1.7014,0.9105
nested_arithmetic,published,ds,2,50,1.0000,0.0000,0.8600,0.0491,0.1400,0.0156,50,192.8600,5.0000,96.4300,0.0000,0.0000,batch1-ds,,50,50,7,0,0.0000,0.0000,0,3.0600,1.0026
nested_arithmetic,published,ds,3,50,1.0000,0.0000,0.5200,0.0707,0.4800,1.192e-07,50,249.9000,5.0800,83.3000,0.0000,0.0000,batch1-ds,,50,50,24,0,0.0000,0.0000,0,2.3867,0.9833
nested_arithmetic,published,ds,5,50,0.9600,0.0277,0.1600,0.0518,0.8000,1.819e-12,50,336.0800,5.1400,67.2160,0.0000,0.0000,batch1-ds,,50,50,40,0,0.0000,0.0400,0,3.2600,0.9590
nested_arithmetic,published,ds,7,50,0.9200,0.0384,0.0000,0.0000,0.9200,2.842e-14,50,438.7800,5.2000,62.6829,0.0000,0.0000,batch1-ds,,50,50,46,0,0.0000,0.2000,0,5.5429,0.9855
nested_arithmetic,published,ds,10,50,0.8200,0.0543,0.0200,0.0198,0.8000,1.819e-12,50,652.0200,5.5400,65.2020,0.0000,0.0000,batch1-ds,,50,50,40,0,0.0000,0.3400,0,6.0560,1.1082
nested_arithmetic,published,ds,14,50,0.7000,0.0648,0.0400,0.0277,0.6600,2.328e-10,50,875.0400,5.5400,62.5029,0.0000,0.0000,batch1-ds,,50,50,33,0,0.0000,0.3400,0,5.2757,1.1237
random_lookup_table,published,qwen9b,2,50,0.4400,0.0702,0.1200,0.0460,0.3200,0.0015,50,19.8400,5.0000,9.9200,0.0000,0.0000,batch1,,50,50,20,4,0.0000,0.0000,0,1.5800,1.0369
random_lookup_table,published,qwen9b,4,50,0.3200,0.0660,0.1600,0.0518,0.1600,0.1338,50,33.0000,5.0000,8.2500,0.0000,0.0000,batch1,,50,50,15,7,0.0000,0.0000,0,1.2500,1.0000
random_lookup_table,published,qwen9b,8,50,0.1600,0.0518,0.0800,0.0384,0.0800,0.2188,50,61.0000,5.0000,7.6250,0.0000,0.0000,batch1,,50,50,5,1,0.0000,0.0000,0,1.1250,1.0000
random_lookup_table,published,qwen9b,16,50,0.0600,0.0336,0.1200,0.0460,-0.0600,0.5078,50,123.0000,5.0000,7.6875,0.0000,0.0000,batch1,,50,50,3,6,0.0000,0.0000,0,1.0625,1.0000
random_lookup_table,published,qwen9b,24,50,0.1000,0.0424,0.1800,0.0543,-0.0800,0.3438,50,187.0000,5.0000,7.7917,0.0000,0.0000,batch1,,50,50,3,7,0.0000,0.0000,0,1.0417,1.0000
random_lookup_table,published,qwen9b,32,50,0.0800,0.0384,0.1400,0.0491,-0.0600,0.3750,50,251.0000,5.0000,7.8438,0.0000,0.0000,batch1,,50,50,1,4,0.0000,0.0000,0,1.0312,1.0000
random_lookup_table,published,qwen9b,48,50,0.1000,0.0424,0.1200,0.0460,-0.0200,1.0000,50,379.0000,5.0000,7.8958,0.0000,0.0000,batch1,,50,50,2,3,0.0000,0.0000,0,1.0208,1.0000
random_lookup_table,published,llama70b,2,50,0.6400,0.0679,0.2800,0.0635,0.3600,5.335e-04,50,19.0000,5.0000,9.5000,0.0000,0.0000,batch1-70b,,50,50,22,4,0.0000,0.0000,0,1.5000,1.0000
random_lookup_table,published,llama70b,4,50,0.5200,0.0707,0.1200,0.0460,0.4000,8.798e-05,50,33.1400,5.0000,8.2850,0.0000,0.0000,batch1-70b,,50,50,23,3,0.0000,0.0000,0,1.2500,1.0071
random_lookup_table,published,llama70b,8,50,0.0800,0.0384,0.1200,0.0460,-0.0400,0.6875,50,61.0000,5.0000,7.6250,0.0000,0.0000,batch1-70b,,50,50,2,4,0.0000,0.0000,0,1.1250,1.0000
random_lookup_table,published,llama70b,16,50,0.1600,0.0518,0.1400,0.0491,0.0200,1.0000,50,117.0000,5.0000,7.3125,0.0000,0.0000,batch1-70b,,50,50,6,5,0.0000,0.0000,0,1.0625,1.0000
random_lookup_table,published,llama70b,24,50,0.1000,0.0424,0.1800,0.0543,-0.0800,0.3877,50,173.0000,5.0000,7.2083,0.0000,0.0000,batch1-70b,,50,50,4,8,0.0000,0.0000,0,1.0417,1.0000
random_lookup_table,published,llama70b,32,50,0.0800,0.0384,0.0800,0.0384,0.0000,1.0000,50,233.4800,5.0000,7.2962,0.0000,0.0000,batch1-70b,,50,50,4,4,0.0000,0.0000,0,1.0312,1.0333
random_lookup_table,published,llama70b,48,50,0.1000,0.0424,0.0800,0.0384,0.0200,1.0000,50,341.0000,5.0000,7.1042,0.0000,0.0000,batch1-70b,,50,50,5,4,0.0000,0.0000,0,1.0208,1.0000
random_lookup_table,published,ds,2,50,1.0000,0.0000,0.1400,0.0491,0.8600,2.274e-13,50,19.0000,5.0000,9.5000,0.0000,0.0000,batch1-ds,,50,50,43,0,0.0000,0.0000,0,1.5000,1.0000
random_lookup_table,published,ds,4,50,1.0000,0.0000,0.1600,0.0518,0.8400,4.547e-13,50,43.6000,5.0000,10.9000,0.0000,0.0000,batch1-ds,,50,50,42,0,0.0000,0.0000,0,1.4450,1.6090
random_lookup_table,published,ds,8,50,0.9600,0.0277,0.1000,0.0424,0.8600,2.274e-13,50,129.1400,5.0000,16.1425,0.0000,0.0000,batch1-ds,,50,50,43,0,0.0000,0.0000,0,1.4375,3.0503
random_lookup_table,published,ds,16,50,1.0000,0.0000,0.1400,0.0491,0.8600,2.274e-13,50,294.1400,5.0000,18.3837,0.0000,0.0000,batch1-ds,,50,50,43,0,0.0000,0.0000,0,1.1338,3.5401
random_lookup_table,published,ds,24,50,1.0000,0.0000,0.1400,0.0491,0.8600,2.274e-13,50,449.0600,5.0000,18.7108,0.0000,0.0000,batch1-ds,,50,50,43,0,0.0000,0.0000,0,1.0842,3.6590
random_lookup_table,published,ds,32,50,1.0000,0.0000,0.1600,0.0518,0.8400,4.547e-13,50,597.9200,5.0000,18.6850,0.0000,0.0000,batch1-ds,,50,50,42,0,0.0000,0.0000,0,1.0694,3.6317
random_lookup_table,published,ds,48,50,0.8600,0.0491,0.0800,0.0384,0.7800,3.820e-11,50,906.9400,5.0000,18.8946,0.1400,0.0000,batch1-ds,,50,50,40,1,0.0000,0.1400,0,1.0575,3.6399
random_lookup_table,ergonomic,qwen9b,2,50,1.0000,0.0000,0.1400,0.0491,0.8600,2.274e-13,50,57.0000,5.0000,28.5000,0.0000,0.0000,batch1-erg-9b,,50,50,43,0,0.0000,0.0000,0,1.5000,1.0000
random_lookup_table,ergonomic,qwen9b,4,50,1.0000,0.0000,0.0800,0.0384,0.9200,2.842e-14,50,109.0000,5.0000,27.2500,0.0000,0.0000,batch1-erg-9b,,50,50,46,0,0.0000,0.0000,0,1.2500,1.0000
random_lookup_table,ergonomic,qwen9b,8,50,1.0000,0.0000,0.0400,0.0277,0.9600,7.105e-15,50,213.0000,5.0000,26.6250,0.0000,0.0000,batch1-erg-9b,,50,50,48,0,0.0000,0.0000,0,1.1250,1.0000
random_lookup_table,ergonomic,qwen9b,16,50,0.9800,0.0198,0.1600,0.0518,0.8200,9.095e-13,50,428.0000,5.0000,26.7500,0.0000,0.0000,batch1-erg-9b,,50,50,41,0,0.0000,0.0000,0,1.0625,1.0000
random_lookup_table,ergonomic,qwen9b,24,50,1.0000,0.0000,0.1600,0.0518,0.8400,4.547e-13,50,644.0000,5.0000,26.8333,0.0000,0.0000,batch1-erg-9b,,50,50,42,0,0.0000,0.0000,0,1.0417,1.0000
random_lookup_table,ergonomic,qwen9b,32,50,0.9600,0.0277,0.1400,0.0491,0.8200,9.095e-13,50,860.0000,5.0000,26.8750,0.0000,0.0000,batch1-erg-9b,,50,50,41,0,0.0000,0.0000,0,1.0312,1.0000
random_lookup_table,ergonomic,qwen9b,48,50,0.9600,0.0277,0.0800,0.0384,0.8800,1.137e-13,50,1292.0000,5.0000,26.9167,0.0000,0.0000,batch1-erg-9b,,50,50,44,0,0.0000,0.0000,0,1.0208,1.0000
random_lookup_table,ergonomic,ds,2,50,1.0000,0.0000,0.1600,0.0518,0.8400,4.547e-13,50,55.0000,5.0000,27.5000,0.0000,0.0000,batch1-erg-ds,,50,50,42,0,0.0000,0.0000,0,1.5000,1.0000
random_lookup_table,ergonomic,ds,4,50,1.0000,0.0000,0.1200,0.0460,0.8800,1.137e-13,50,105.0000,5.0000,26.2500,0.0000,0.0000,batch1-erg-ds,,50,50,44,0,0.0000,0.0000,0,1.2500,1.0000
random_lookup_table,ergonomic,ds,8,50,1.0000,0.0000,0.0800,0.0384,0.9200,2.842e-14,50,204.6600,5.0000,25.5825,0.0000,0.0000,batch1-erg-ds,,50,50,46,0,0.0000,0.0000,0,1.1750,0.9975
random_lookup_table,ergonomic,ds,16,50,1.0000,0.0000,0.2000,0.0566,0.8000,1.819e-12,50,319.0000,5.0000,19.9375,0.0000,0.0000,batch1-erg-ds,,50,50,40,0,0.0000,0.0000,0,1.2150,0.7665
random_lookup_table,ergonomic,ds,24,50,1.0000,0.0000,0.2000,0.0566,0.8000,1.819e-12,50,386.9200,5.0000,16.1217,0.0000,0.0000,batch1-erg-ds,,50,50,40,0,0.0000,0.0000,0,1.2175,0.6116
random_lookup_table,ergonomic,ds,32,50,1.0000,0.0000,0.1400,0.0491,0.8600,2.274e-13,50,551.6600,5.0000,17.2394,0.0000,0.0000,batch1-erg-ds,,50,50,43,0,0.0000,0.0000,0,1.0894,0.6504
random_lookup_table,ergonomic,ds,48,50,1.0000,0.0000,0.1200,0.0460,0.8800,1.137e-13,50,820.7800,5.0000,17.0996,0.0000,0.0000,batch1-erg-ds,,50,50,44,0,0.0000,0.0000,0,1.1038,0.6394
s5_composition,published,qwen9b,2,50,0.0600,0.0336,0.0200,0.0198,0.0400,0.5000,50,45.0000,9.0000,22.5000,0.0000,0.0000,batch1,,50,50,2,0,0.0000,0.0000,0,1.5000,1.0000
s5_composition,published,qwen9b,4,50,0.0000,0.0000,0.0200,0.0198,-0.0200,1.0000,50,81.0000,9.0000,20.2500,0.0000,0.0000,batch1,,50,50,0,1,0.0000,0.0000,0,1.2500,1.0000
s5_composition,published,qwen9b,8,50,0.0000,0.0000,0.0000,0.0000,0.0000,1.0000,50,153.0000,9.0000,19.1250,0.0000,0.0000,batch1,,50,50,0,0,0.0000,0.0000,0,1.1250,1.0000
s5_composition,published,qwen9b,12,50,0.0000,0.0000,0.0000,0.0000,0.0000,1.0000,50,228.0000,9.0000,19.0000,0.0000,0.0000,batch1,,50,50,0,0,0.0000,0.0000,0,1.0833,1.0000
s5_composition,published,qwen9b,16,50,0.0000,0.0000,0.0200,0.0198,-0.0200,1.0000,50,304.0000,9.0000,19.0000,0.0000,0.0000,batch1,,50,50,0,1,0.0000,0.0000,0,1.0625,1.0000
s5_composition,published,qwen9b,24,50,0.0200,0.0198,0.0000,0.0000,0.0200,1.0000,50,456.0000,9.0000,19.0000,0.0000,0.0000,batch1,,50,50,1,0,0.0000,0.0000,0,1.0417,1.0000
s5_composition,published,qwen9b,32,50,0.0200,0.0198,0.0400,0.0277,-0.0200,1.0000,50,607.6200,9.0000,18.9881,0.0000,0.0000,batch1,,50,50,1,2,0.0000,0.0000,0,1.0306,0.9994
s5_composition,published,llama70b,2,50,0.1800,0.0543,0.0200,0.0198,0.1600,0.0078,50,181.2200,6.0000,90.6100,0.0200,0.0000,batch1-70b,,50,50,8,0,0.0000,0.0200,0,6.5600,8.2807
s5_composition,published,llama70b,4,50,0.4800,0.0707,0.0000,0.0000,0.4800,1.192e-07,50,530.8200,6.0000,132.7050,0.0400,0.0000,batch1-70b,,50,50,24,0,0.0000,0.0400,0,8.1300,14.1297
s5_composition,published,llama70b,8,50,0.1200,0.0460,0.0000,0.0000,0.1200,0.0312,50,644.4200,6.0000,80.5525,0.0800,0.0000,batch1-70b,,50,50,6,0,0.0000,0.0800,0,7.2825,8.0485
s5_composition,published,llama70b,12,50,0.0200,0.0198,0.0000,0.0000,0.0200,1.0000,50,234.0000,6.0000,19.5000,0.0000,0.0000,batch1-70b,,50,50,1,0,0.0000,0.0000,0,1.3433,1.4713
s5_composition,published,llama70b,16,50,0.0000,0.0000,0.0200,0.0198,-0.0200,1.0000,50,209.2000,6.0000,13.0750,0.0000,0.0000,batch1-70b,,50,50,0,1,0.0000,0.0000,0,1.1025,1.0454
s5_composition,published,llama70b,24,50,0.0200,0.0198,0.0200,0.0198,0.0000,1.0000,50,400.3000,6.0000,16.6792,0.1200,0.0000,batch1-70b,,50,50,1,1,0.0000,0.1200,0,1.2975,1.4045
s5_composition,published,llama70b,32,50,0.0200,0.0198,0.0000,0.0000,0.0200,1.0000,50,733.2200,6.0000,22.9131,0.4800,0.0000,batch1-70b,,50,50,1,0,0.0000,0.4800,0,1.6575,1.8282
s5_composition,published,ds,2,50,0.2400,0.0604,0.0400,0.0277,0.2000,0.0063,50,83.9600,6.0000,41.9800,0.0000,0.0000,batch1-ds-cap,batch1-ds,50,50,11,1,0.0000,0.0200,0,3.3200,3.5983
s5_composition,published,ds,4,50,0.4800,0.0707,0.0000,0.0000,0.4800,1.192e-07,50,259.5800,6.0000,64.8950,0.0000,0.0000,batch1-ds-cap,batch1-ds,50,50,24,0,0.0000,0.0000,0,5.2450,5.4821
s5_composition,published,ds,8,50,0.5600,0.0702,0.0000,0.0000,0.5600,7.451e-09,50,507.9800,6.0000,63.4975,0.0000,0.0000,batch1-ds-cap,batch1-ds,50,50,28,0,0.0000,0.0000,0,5.1425,5.0800
s5_composition,published,ds,12,50,0.7600,0.0604,0.0000,0.0000,0.7600,7.276e-12,50,949.6400,6.0000,79.1367,0.0000,0.0000,batch1-ds-cap,batch1-ds,50,50,38,0,0.0000,0.0000,0,6.5067,6.4295
s5_composition,published,ds,16,50,0.8800,0.0460,0.0000,0.0000,0.8800,1.137e-13,50,1353.4200,6.0000,84.5888,0.0000,0.0000,batch1-ds-cap,batch1-ds,50,50,44,0,0.0000,0.0000,0,7.1100,6.6593
s5_composition,published,ds,24,50,0.6600,0.0670,0.0000,0.0000,0.6600,2.328e-10,50,1724.3600,6.0000,71.8483,0.0000,0.0000,batch1-ds-cap,batch1-ds,50,50,33,0,0.0000,0.0000,0,5.6417,5.3912
s5_composition,published,ds,32,50,0.5000,0.0707,0.0000,0.0000,0.5000,5.960e-08,50,2164.1200,6.0000,67.6287,0.0000,0.0000,batch1-ds-cap,batch1-ds,50,50,25,0,0.0000,0.0400,0,4.8319,4.8484
s5_composition,published,dspro,2,50,0.0800,0.0384,0.0400,0.0277,0.0400,0.6250,50,30.0000,6.0000,15.0000,0.0000,0.0000,batch1-dspro,,50,50,3,1,0.0000,0.0000,0,1.5000,1.0000
s5_composition,published,dspro,4,50,0.0000,0.0000,0.0200,0.0198,-0.0200,1.0000,50,54.0000,6.0000,13.5000,0.0000,0.0000,batch1-dspro,,50,50,0,1,0.0000,0.0000,0,1.2500,1.0000
s5_composition,published,dspro,8,50,0.0000,0.0000,0.0000,0.0000,0.0000,1.0000,50,102.0000,6.0000,12.7500,0.0000,0.0000,batch1-dspro,,50,50,0,0,0.0000,0.0000,0,1.1250,1.0000
s5_composition,published,dspro,12,50,0.0000,0.0000,0.0600,0.0336,-0.0600,0.2500,50,150.0000,6.0000,12.5000,0.0000,0.0000,batch1-dspro,,50,50,0,3,0.0000,0.0000,0,1.0833,1.0000
s5_composition,published,dspro,16,50,0.0000,0.0000,0.0000,0.0000,0.0000,1.0000,50,198.0000,6.0000,12.3750,0.0000,0.0000,batch1-dspro,,50,50,0,0,0.0000,0.0000,0,1.0625,1.0000
s5_composition,published,dspro,24,50,0.0000,0.0000,0.0000,0.0000,0.0000,1.0000,50,294.0000,6.0000,12.2500,0.0000,0.0000,batch1-dspro,,50,50,0,0,0.0000,0.0000,0,1.0417,1.0000
s5_composition,published,dspro,32,50,0.0000,0.0000,0.0200,0.0198,-0.0200,1.0000,50,390.0000,6.0000,12.1875,0.0000,0.0000,batch1-dspro,,50,50,0,1,0.0000,0.0000,0,1.0312,1.0000
s5_composition,ergonomic,qwen9b,2,50,0.9200,0.0384,0.0000,0.0000,0.9200,2.842e-14,50,123.0000,9.0000,61.5000,0.0000,0.0000,batch1-erg-9b,,50,50,46,0,0.0000,0.0000,0,1.5000,1.0000
s5_composition,ergonomic,qwen9b,4,50,0.8000,0.0566,0.0400,0.0277,0.7600,7.276e-12,50,237.0000,9.0000,59.2500,0.0000,0.0000,batch1-erg-9b,,50,50,38,0,0.0000,0.0000,0,1.2500,1.0000
s5_composition,ergonomic,qwen9b,8,50,0.7800,0.0586,0.0000,0.0000,0.7800,3.638e-12,50,478.2800,9.0000,59.7850,0.0000,0.0000,batch1-erg-9b,,50,50,39,0,0.0000,0.0000,0,1.1975,1.0307
s5_composition,ergonomic,qwen9b,12,50,0.6800,0.0660,0.0000,0.0000,0.6800,1.164e-10,50,713.3000,9.0000,59.4417,0.0000,0.0000,batch1-erg-9b,,50,50,34,0,0.0000,0.0000,0,1.1817,1.0307
s5_composition,ergonomic,qwen9b,16,50,0.5600,0.0702,0.0200,0.0198,0.5400,1.118e-07,50,949.0000,9.0000,59.3125,0.0000,0.0000,batch1-erg-9b,,50,50,28,1,0.0000,0.0000,0,1.0938,1.0202
s5_composition,ergonomic,qwen9b,24,50,0.4000,0.0693,0.0000,0.0000,0.4000,1.907e-06,50,1424.6800,9.0000,59.3617,0.0000,0.0000,batch1-erg-9b,,50,50,20,0,0.0000,0.0000,0,1.0858,1.0238
s5_composition,ergonomic,qwen9b,32,50,0.3600,0.0679,0.0000,0.0000,0.3600,7.629e-06,50,1974.2400,9.0000,61.6950,0.0000,0.0000,batch1-erg-9b,,50,50,18,0,0.0000,0.0000,0,1.4281,1.0602
s5_composition,ergonomic,ds,2,50,1.0000,0.0000,0.0200,0.0198,0.9800,3.553e-15,50,97.2000,6.0000,48.6000,0.0000,0.0000,batch1-erg-ds,,50,50,49,0,0.0000,0.0000,0,1.5000,1.0149
s5_composition,ergonomic,ds,4,50,1.0000,0.0000,0.0000,0.0000,1.0000,1.776e-15,50,186.0000,6.0000,46.5000,0.0000,0.0000,batch1-erg-ds,,50,50,50,0,0.0000,0.0000,0,1.2500,1.0000
s5_composition,ergonomic,ds,8,50,0.8200,0.0543,0.0000,0.0000,0.8200,9.095e-13,50,370.5400,6.0000,46.3175,0.0000,0.0000,batch1-erg-ds,,50,50,41,0,0.0000,0.0000,0,1.1700,1.0187
s5_composition,ergonomic,ds,12,50,0.7800,0.0586,0.0000,0.0000,0.7800,3.638e-12,50,560.0600,6.0000,46.6717,0.0000,0.0000,batch1-erg-ds,,50,50,39,0,0.0000,0.0000,0,1.3100,1.0267
s5_composition,ergonomic,ds,16,50,0.7000,0.0648,0.0000,0.0000,0.7000,5.821e-11,50,726.8400,6.0000,45.4275,0.0000,0.0000,batch1-erg-ds,,50,50,35,0,0.0000,0.0000,0,1.7775,1.0076
s5_composition,ergonomic,ds,24,50,0.5600,0.0702,0.0200,0.0198,0.5400,1.490e-08,50,1065.5000,6.0000,44.3958,0.0000,0.0000,batch1-erg-ds,,50,50,27,0,0.0000,0.0200,0,1.8192,0.9635
s5_composition,ergonomic,ds,32,50,0.4200,0.0698,0.0000,0.0000,0.4200,9.537e-07,50,1358.0200,6.0000,42.4381,0.0000,0.0000,batch1-erg-ds,,50,50,21,0,0.0000,0.0000,0,1.5375,0.9075
synthetic_program_trace,published,qwen9b,6,50,1.0000,0.0000,0.9600,0.0277,0.0400,0.5000,50,149.1600,5.3000,24.8600,0.0000,0.0000,batch1,,50,50,2,0,0.0000,0.0000,0,2.6667,0.9982
synthetic_program_trace,published,qwen9b,12,50,1.0000,0.0000,0.2600,0.0620,0.7400,1.455e-11,50,337.9200,5.2600,28.1600,0.0000,0.0000,batch1,,50,50,37,0,0.0000,0.0000,0,2.3333,1.0000
synthetic_program_trace,published,qwen9b,20,50,0.9200,0.0384,0.1400,0.0491,0.7800,3.638e-12,50,585.6000,5.6400,29.2800,0.0000,0.0000,batch1,,50,50,39,0,0.0000,0.0000,0,2.1900,0.9868
synthetic_program_trace,published,qwen9b,32,50,0.9400,0.0336,0.0800,0.0384,0.8600,2.274e-13,50,969.1000,5.9200,30.2844,0.0000,0.0000,batch1,,50,50,43,0,0.0000,0.0000,0,2.0938,0.9738
synthetic_program_trace,published,qwen9b,48,50,0.7600,0.0604,0.0200,0.0198,0.7400,1.455e-11,50,1536.9600,6.0400,32.0200,0.0200,0.0000,batch1,,50,50,37,0,0.0000,0.0200,0,2.0842,0.9874
synthetic_program_trace,published,qwen9b,72,50,0.6000,0.0693,0.0000,0.0000,0.6000,1.863e-09,50,2194.2800,6.0000,30.4761,0.0000,0.0000,batch1,,50,50,30,0,0.0000,0.0000,0,1.9344,0.9217
synthetic_program_trace,published,qwen9b,96,50,0.4600,0.0705,0.0000,0.0000,0.4600,2.384e-07,50,2956.9600,6.0000,30.8017,0.0000,0.0000,batch1b-9b,,50,50,23,0,0.0000,0.0000,0,1.8854,0.9136
synthetic_program_trace,published,qwen9b,128,50,0.0400,0.0277,0.0000,0.0000,0.0400,0.5000,50,4225.2600,6.1000,33.0098,0.0000,0.0000,batch1b-9b,,50,50,2,0,0.0000,0.0000,0,1.9322,0.9473
synthetic_program_trace,published,llama70b,6,50,1.0000,0.0000,0.9600,0.0277,0.0400,0.5000,50,142.5000,5.0000,23.7500,0.0000,0.0000,batch1-70b,,50,50,2,0,0.0000,0.0000,0,1.4633,1.1625
synthetic_program_trace,published,llama70b,12,50,1.0000,0.0000,0.7000,0.0648,0.3000,6.104e-05,50,314.0000,5.0000,26.1667,0.0000,0.0000,batch1-70b,,50,50,15,0,0.0000,0.0000,0,2.2533,1.0018
synthetic_program_trace,published,llama70b,20,50,0.9800,0.0198,0.3800,0.0686,0.6000,1.863e-09,50,557.3200,5.0000,27.8660,0.0000,0.0000,batch1-70b,,50,50,30,0,0.0000,0.0000,0,2.1980,0.9964
synthetic_program_trace,published,llama70b,32,50,0.9800,0.0198,0.0800,0.0384,0.9000,5.684e-14,50,930.2000,5.0000,29.0688,0.0000,0.0000,batch1-70b,,50,50,45,0,0.0000,0.0000,0,2.1131,0.9939
synthetic_program_trace,published,llama70b,48,50,1.0000,0.0000,0.0400,0.0277,0.9600,7.105e-15,50,1426.4200,5.0000,29.7171,0.0000,0.0000,batch1-70b,,50,50,48,0,0.0000,0.0000,0,2.0483,0.9783
synthetic_program_trace,published,llama70b,72,50,0.8600,0.0491,0.0200,0.0198,0.8400,4.547e-13,50,2157.1200,5.0400,29.9600,0.0000,0.0000,batch1-70b,,50,50,42,0,0.0000,0.0000,0,1.9967,0.9661
synthetic_program_trace,published,ds,6,50,1.0000,0.0000,1.0000,0.0000,0.0000,1.0000,50,140.3400,5.0000,23.3900,0.0000,0.0000,batch1-ds,,50,50,0,0,0.0000,0.0000,0,2.6667,1.0000
synthetic_program_trace,published,ds,12,50,1.0000,0.0000,0.8600,0.0491,0.1400,0.0156,50,319.7600,5.0000,26.6467,0.0000,0.0000,batch1-ds,,50,50,7,0,0.0000,0.0000,0,2.3333,1.0000
synthetic_program_trace,published,ds,20,50,1.0000,0.0000,0.5600,0.0702,0.4400,4.768e-07,50,561.5600,5.0000,28.0780,0.0000,0.0000,batch1-ds,,50,50,22,0,0.0000,0.0000,0,2.2000,0.9983
synthetic_program_trace,published,ds,32,50,1.0000,0.0000,0.2000,0.0566,0.8000,1.819e-12,50,921.2800,5.0000,28.7900,0.0000,0.0000,batch1-ds,,50,50,40,0,0.0000,0.0000,0,2.0900,0.9832
synthetic_program_trace,published,ds,48,50,1.0000,0.0000,0.0200,0.0198,0.9800,3.553e-15,50,1206.0400,5.0000,25.1258,0.0000,0.0000,batch1-ds,,50,50,49,0,0.0000,0.0000,0,1.7671,0.8303
synthetic_program_trace,published,ds,72,50,1.0000,0.0000,0.0000,0.0000,1.0000,1.776e-15,50,1415.0200,5.0000,19.6531,0.0000,0.0000,batch1-ds,,50,50,50,0,0.0000,0.0000,0,1.3767,0.6452
threesum,published,qwen9b,2,50,0.2200,0.0586,0.4200,0.0698,-0.2000,0.1102,50,493.5200,4.0000,246.7600,0.4400,0.0000,batch1,,50,50,11,21,0.0000,0.4400,0,1.2600,9.0266
threesum,published,qwen9b,4,50,0.2600,0.0620,0.4800,0.0707,-0.2200,0.0989,50,513.9800,4.0000,128.4950,0.4600,0.0000,batch1,,50,50,13,24,0.0000,0.4600,0,0.5950,5.7935
threesum,published,qwen9b,8,50,0.1800,0.0543,0.5000,0.0707,-0.3200,0.0025,50,694.6200,4.0000,86.8275,0.6400,0.0000,batch1,,50,50,5,21,0.0000,0.6400,0,0.4675,4.4275
threesum,published,qwen9b,12,50,0.1800,0.0543,0.5800,0.0698,-0.4000,1.800e-04,50,822.6400,4.0000,68.5533,0.7800,0.0000,batch1,,50,50,4,24,0.0000,0.7800,0,0.2183,3.6307
threesum,published,qwen9b,22,50,0.0800,0.0384,0.6200,0.0686,-0.5400,1.118e-07,50,846.8400,4.0000,38.4927,0.8000,0.0000,batch1,,50,50,1,28,0.0000,0.8000,0,0.1245,2.0698
threesum,published,qwen9b,36,50,0.1200,0.0460,0.6000,0.0693,-0.4800,8.430e-06,50,809.5200,4.0000,22.4867,0.7600,0.0000,batch1,,50,50,3,27,0.0000,0.7600,0,0.0589,1.2141
threesum,published,llama70b,2,50,0.4800,0.0707,0.4400,0.0702,0.0400,0.7266,50,219.5200,4.0000,109.7600,0.0000,0.0000,batch1-70b,,50,50,5,3,0.0000,0.0000,0,4.7400,14.2838
threesum,published,llama70b,4,50,0.5200,0.0707,0.4800,0.0707,0.0400,0.5000,50,247.2200,4.0000,61.8050,0.0000,0.0000,batch1-70b,,50,50,2,0,0.0000,0.0000,0,2.5500,9.3193
threesum,published,llama70b,8,50,0.4600,0.0705,0.4600,0.0705,0.0000,1.0000,50,247.2400,4.0000,30.9050,0.0000,0.0000,batch1-70b,,50,50,0,0,0.0000,0.0000,0,1.2250,5.3971
threesum,published,llama70b,12,50,0.5000,0.0707,0.5000,0.0707,0.0000,1.0000,50,272.2000,4.0000,22.6833,0.0000,0.0000,batch1-70b,,50,50,2,2,0.0000,0.0000,0,1.0000,3.9808
threesum,published,llama70b,22,50,0.5800,0.0698,0.5400,0.0705,0.0400,0.7266,50,266.5800,4.0000,12.1173,0.0000,0.0000,batch1-70b,,50,50,5,3,0.0000,0.0000,0,0.5300,2.1061
threesum,published,llama70b,36,50,0.4000,0.0693,0.5000,0.0707,-0.1000,0.0625,50,272.9400,4.0000,7.5817,0.0000,0.0000,batch1-70b,,50,50,0,5,0.0000,0.0000,0,0.3089,1.3451
threesum,published,ds,2,50,0.2800,0.0635,0.4400,0.0702,-0.1600,0.0574,50,2920.3600,4.0000,1460.1800,0.3400,0.0000,batch1-ds-cap,batch1-ds,50,50,3,11,0.0000,0.3200,0,23.1400,83.0000
threesum,published,ds,4,50,0.2800,0.0635,0.4800,0.0707,-0.2000,0.0213,50,3752.0200,4.0000,938.0050,0.4400,0.0000,batch1-ds-cap,batch1-ds,50,50,3,13,0.0000,0.4200,0,7.1650,53.9578
threesum,published,ds,8,50,0.2200,0.0586,0.4400,0.0702,-0.2200,0.0522,50,6196.3000,4.0000,774.5375,0.6800,0.0000,batch1-ds-cap,batch1-ds,50,50,8,19,0.0000,0.6000,0,21.2025,77.5023
threesum,published,ds,12,50,0.1200,0.0460,0.5000,0.0707,-0.3800,8.779e-04,50,6562.3400,4.0000,546.8617,0.7400,0.0000,batch1-ds-cap,batch1-ds,50,50,6,25,0.0000,0.7400,0,13.9950,60.3983
threesum,published,ds,22,50,0.2600,0.0620,0.5400,0.0705,-0.2800,0.0043,50,5989.8600,4.0000,272.2664,0.6200,0.0000,batch1-ds-cap,batch1-ds,50,50,4,18,0.0000,0.6000,0,8.8800,34.3582
threesum,published,ds,36,50,0.2400,0.0604,0.5000,0.0707,-0.2600,0.0146,50,6894.7000,4.0000,191.5194,0.7400,0.0000,batch1-ds-cap,batch1-ds,50,50,6,19,0.0000,0.7200,0,5.5311,23.9951
threesum,published,dspro,2,50,0.4200,0.0698,0.4400,0.0702,-0.0200,1.0000,50,406.0800,4.0000,203.0400,0.0400,0.0000,batch1-dspro,,50,50,13,14,0.0000,0.0400,0,0.9800,9.1112
threesum,published,dspro,4,50,0.4600,0.0705,0.4800,0.0707,-0.0200,1.0000,50,428.5200,4.0000,107.1300,0.0400,0.0000,batch1-dspro,,50,50,15,16,0.0000,0.0400,0,0.4900,4.9056
threesum,published,dspro,8,50,0.5400,0.0705,0.5000,0.0707,0.0400,0.8318,50,750.7200,4.0000,93.8400,0.0800,0.0000,batch1-dspro,,50,50,12,10,0.0000,0.0800,0,0.2400,4.8223
threesum,published,dspro,12,50,0.5714,0.0707,0.5000,0.0707,0.0714,0.6291,49,120.1633,4.0000,10.0136,0.0000,0.0000,batch1-dspro,,49,50,10,7,0.0000,0.0000,1,0.1667,0.5930
threesum,published,dspro,22,50,0.5306,0.0713,0.5400,0.0705,-0.0094,1.0000,49,457.8980,4.0000,20.8135,0.0408,0.0000,batch1-dspro,,49,50,12,13,0.0000,0.0408,1,0.0891,1.1477
threesum,published,dspro,36,50,0.5000,0.0707,0.5000,0.0707,0.0000,1.0000,50,775.9000,4.0000,21.5528,0.0800,0.0000,batch1-dspro,,50,50,18,18,0.0000,0.0800,0,0.0533,1.1780
threesum,ergonomic,qwen9b,2,50,0.9200,0.0384,0.4600,0.0705,0.4600,2.384e-07,50,1242.4200,4.0000,621.2100,0.0000,0.0000,batch1-erg-9b,,50,50,23,0,0.0000,0.0000,0,9.3800,5.8761
threesum,ergonomic,qwen9b,4,50,0.9800,0.0198,0.5200,0.0707,0.4600,1.550e-06,50,2241.0800,4.0000,560.2700,0.0000,0.0000,batch1-erg-9b,,50,50,24,1,0.0000,0.0000,0,8.1550,6.2819
threesum,ergonomic,qwen9b,8,50,0.9200,0.0384,0.5400,0.0705,0.3800,6.604e-05,50,4949.1600,4.0000,618.6450,0.0400,0.0000,batch1-erg-9b,,50,50,21,2,0.0000,0.0400,0,8.7925,7.6247
threesum,ergonomic,qwen9b,12,50,0.3000,0.0648,0.5000,0.0707,-0.2000,0.0213,50,7708.8200,4.0000,642.4017,0.7000,0.0000,batch1-erg-9b,,50,50,3,13,0.0000,0.7000,0,8.9783,8.1723
threesum,ergonomic,qwen9b,22,50,0.1800,0.0543,0.4600,0.0705,-0.2800,0.0094,50,7456.8200,4.0000,338.9464,0.8000,0.0000,batch1-erg-9b,,50,50,6,20,0.0000,0.8000,0,4.7073,4.4301
threesum,ergonomic,qwen9b,36,50,0.1600,0.0518,0.5000,0.0707,-0.3400,9.105e-04,50,7535.3600,4.0000,209.3156,0.8000,0.0000,batch1-erg-9b,,50,50,4,21,0.0000,0.8000,0,2.9183,2.7767
threesum,ergonomic,ds,2,50,0.9800,0.0198,0.4600,0.0705,0.5200,2.980e-08,50,1006.8200,4.0000,503.4100,0.0000,0.0000,batch1-erg-ds,,50,50,26,0,0.0000,0.0200,0,13.3000,5.0949
threesum,ergonomic,ds,4,50,1.0000,0.0000,0.4800,0.0707,0.5200,2.980e-08,50,1593.9000,4.0000,398.4750,0.0000,0.0000,batch1-erg-ds,,50,50,26,0,0.0000,0.0000,0,10.4150,5.0480
threesum,ergonomic,ds,8,50,0.9200,0.0384,0.5000,0.0707,0.4200,5.722e-06,50,3078.9200,4.0000,384.8650,0.0200,0.0000,batch1-erg-ds,,50,50,22,1,0.0000,0.0200,0,12.7300,5.3740
threesum,ergonomic,ds,12,50,0.9200,0.0384,0.5200,0.0707,0.4000,8.798e-05,50,3809.0800,4.0000,317.4233,0.0200,0.0000,batch1-erg-ds,,50,50,23,3,0.0000,0.0200,0,11.6183,4.7094
threesum,ergonomic,ds,22,50,0.6600,0.0670,0.5200,0.0707,0.1400,0.2649,50,5093.0000,4.0000,231.5000,0.2800,0.0000,batch1-erg-ds,,50,50,18,11,0.0000,0.2800,0,8.3418,3.6624
threesum,ergonomic,ds,36,50,0.4400,0.0702,0.4800,0.0707,-0.0400,0.8450,50,6418.4400,4.0000,178.2900,0.5000,0.0000,batch1-erg-ds,,50,50,12,14,0.0000,0.5000,0,6.3167,2.8171
turing_machine,published,qwen9b,2,50,0.9000,0.0424,0.0400,0.0277,0.8600,2.274e-13,50,141.8800,13.1600,70.9400,0.0000,0.0000,batch1,,50,50,43,0,0.0000,0.0000,0,6.0000,1.0011
turing_machine,published,qwen9b,3,50,0.8000,0.0566,0.0000,0.0000,0.8000,1.819e-12,50,195.2600,14.1800,65.0867,0.0000,0.0000,batch1b-9b,,50,50,40,0,0.0000,0.0000,0,5.3333,0.9995
turing_machine,published,qwen9b,4,50,0.7600,0.0604,0.0000,0.0000,0.7600,7.276e-12,50,247.9000,14.8200,61.9750,0.0000,0.0000,batch1,,50,50,38,0,0.0000,0.0000,0,5.0000,1.0017
turing_machine,published,qwen9b,5,50,0.7200,0.0635,0.0000,0.0000,0.7200,2.910e-11,50,308.3600,16.2800,61.6720,0.0000,0.0000,batch1b-9b,,50,50,36,0,0.0000,0.0000,0,4.8000,0.9992
turing_machine,published,qwen9b,6,50,0.6600,0.0670,0.0000,0.0000,0.6600,2.328e-10,50,367.6800,17.4200,61.2800,0.0000,0.0000,batch1b-9b,,50,50,33,0,0.0000,0.0000,0,4.6667,1.0060
turing_machine,published,qwen9b,8,50,0.4800,0.0707,0.0000,0.0000,0.4800,1.192e-07,50,478.1000,20.7600,59.7625,0.0000,0.0000,batch1,,50,50,24,0,0.0000,0.0000,0,4.5000,1.0062
turing_machine,published,qwen9b,12,50,0.2000,0.0566,0.0000,0.0000,0.2000,0.0020,50,712.9000,37.8000,59.4083,0.0000,0.0000,batch1,,50,50,10,0,0.0000,0.0000,0,4.1933,0.9621
turing_machine,published,qwen9b,20,50,0.2800,0.0635,0.0000,0.0000,0.2800,1.221e-04,50,1313.3600,74.7800,65.6680,0.0000,0.0000,batch1,,50,50,14,0,0.0000,0.0000,0,4.1680,0.9975
turing_machine,published,qwen9b,30,50,0.0800,0.0384,0.0000,0.0000,0.0800,0.1250,50,2411.3600,89.8800,80.3787,0.0200,0.0000,batch1,,50,50,4,0,0.0000,0.0000,0,4.0947,1.0380
turing_machine,published,llama70b,2,50,0.9400,0.0336,0.0200,0.0198,0.9200,2.842e-14,50,143.4000,12.4600,71.7000,0.0000,0.0000,batch1-70b,,50,50,46,0,0.0000,0.0000,0,6.1900,1.1062
turing_machine,published,llama70b,4,50,0.8200,0.0543,0.0200,0.0198,0.8000,1.955e-11,50,234.7600,10.7400,58.6900,0.0000,0.0000,batch1-70b,,50,50,41,1,0.0000,0.0000,0,4.9850,1.0133
turing_machine,published,llama70b,8,50,0.5600,0.0702,0.0000,0.0000,0.5600,7.451e-09,50,435.7400,10.3000,54.4675,0.0000,0.0000,batch1-70b,,50,50,28,0,0.0000,0.0000,0,4.3600,0.9730
turing_machine,published,llama70b,12,50,0.3800,0.0686,0.0000,0.0000,0.3800,3.815e-06,50,683.4200,8.6200,56.9517,0.0000,0.0000,batch1-70b,,50,50,19,0,0.0000,0.0000,0,4.1950,0.9732
turing_machine,published,llama70b,20,50,0.3200,0.0660,0.0000,0.0000,0.3200,3.052e-05,50,1228.9600,9.0000,61.4480,0.0000,0.0000,batch1-70b,,50,50,16,0,0.0000,0.0000,0,4.1700,0.9934
turing_machine,published,llama70b,30,50,0.2000,0.0566,0.0000,0.0000,0.2000,0.0020,50,2135.3800,8.7800,71.1793,0.0000,0.0000,batch1-70b,,50,50,10,0,0.0000,0.0000,0,4.0393,0.9879
turing_machine,published,ds,2,50,0.9800,0.0198,0.0600,0.0336,0.9200,2.842e-14,50,133.6200,13.1000,66.8100,0.0000,0.0000,batch1-ds,,50,50,46,0,0.0000,0.0000,0,6.0000,0.9997
turing_machine,published,ds,4,50,0.9800,0.0198,0.0000,0.0000,0.9800,3.553e-15,50,233.6200,13.4600,58.4050,0.0000,0.0000,batch1-ds,,50,50,49,0,0.0000,0.0000,0,5.0000,1.0008
turing_machine,published,ds,8,50,1.0000,0.0000,0.0000,0.0000,1.0000,1.776e-15,50,448.0800,11.8400,56.0100,0.0000,0.0000,batch1-ds,,50,50,50,0,0.0000,0.0000,0,4.5000,1.0000
turing_machine,published,ds,12,50,0.9000,0.0424,0.0200,0.0198,0.8800,1.137e-13,50,701.1800,11.4800,58.4317,0.0000,0.0000,batch1-ds,,50,50,44,0,0.0000,0.0000,0,4.3333,1.0000
turing_machine,published,ds,20,50,0.9000,0.0424,0.0000,0.0000,0.9000,5.684e-14,50,1240.3000,20.2600,62.0150,0.0000,0.0000,batch1-ds,,50,50,45,0,0.0000,0.0000,0,4.2000,1.0018
turing_machine,published,ds,30,50,0.9400,0.0336,0.0000,0.0000,0.9400,1.421e-14,50,2154.4000,13.2200,71.8133,0.0000,0.0000,batch1-ds,,50,50,47,0,0.0000,0.0000,0,4.1333,1.0003
